DGRP,time,event,censor,tray
DGRP-426,0,0,1,1
DGRP-426,0.197222222,0,1,1
DGRP-426,0.983333333,0,1,1
DGRP-426,1.196527778,0,1,1
DGRP-426,1.995138889,3,1,1
DGRP-426,2.197916667,1,1,1
DGRP-426,3.008333333,52,1,1
DGRP-426,3.215972222,11,1,1
DGRP-426,3.988194444,5,1,1
DGRP-426,4.195138889,0,1,1
DGRP-426,5.023611111,0,1,1
DGRP-426,5.197916667,0,1,1
DGRP-426,6.01875,0,1,1
DGRP-426,6.19375,0,1,1
DGRP-93,0,0,1,1
DGRP-93,0.197222222,0,1,1
DGRP-93,0.983333333,0,1,1
DGRP-93,1.196527778,0,1,1
DGRP-93,1.995138889,4,1,1
DGRP-93,2.197916667,2,1,1
DGRP-93,3.008333333,35,1,1
DGRP-93,3.215972222,7,1,1
DGRP-93,3.988194444,52,1,1
DGRP-93,4.195138889,19,1,1
DGRP-93,5.023611111,23,1,1
DGRP-93,5.197916667,3,1,1
DGRP-93,6.01875,3,1,1
DGRP-93,6.19375,0,1,1
DGRP-437,0,0,1,1
DGRP-437,0.197222222,0,1,1
DGRP-437,0.983333333,0,1,1
DGRP-437,1.196527778,0,1,1
DGRP-437,1.995138889,3,1,1
DGRP-437,2.197916667,7,1,1
DGRP-437,3.008333333,57,1,1
DGRP-437,3.215972222,18,1,1
DGRP-437,3.988194444,45,1,1
DGRP-437,4.195138889,10,1,1
DGRP-437,5.023611111,5,1,1
DGRP-437,5.197916667,0,1,1
DGRP-437,6.01875,1,1,1
DGRP-437,6.19375,0,1,1
DGRP-324,0,0,1,1
DGRP-324,0.197222222,0,1,1
DGRP-324,0.983333333,0,1,1
DGRP-324,1.196527778,0,1,1
DGRP-324,1.995138889,53,1,1
DGRP-324,2.197916667,45,1,1
DGRP-324,3.008333333,49,1,1
DGRP-324,3.215972222,3,1,1
DGRP-324,3.988194444,0,1,1
DGRP-324,4.195138889,0,1,1
DGRP-324,5.023611111,0,1,1
DGRP-324,5.197916667,0,1,1
DGRP-324,6.01875,0,1,1
DGRP-324,6.19375,0,1,1
DGRP-380,0,0,1,1
DGRP-380,0.197222222,0,1,1
DGRP-380,0.983333333,1,1,1
DGRP-380,1.196527778,16,1,1
DGRP-380,1.995138889,127,1,1
DGRP-380,2.197916667,1,1,1
DGRP-380,3.008333333,1,1,1
DGRP-380,3.215972222,0,1,1
DGRP-380,3.988194444,0,1,1
DGRP-380,4.195138889,0,1,1
DGRP-380,5.023611111,0,1,1
DGRP-380,5.197916667,0,1,1
DGRP-380,6.01875,0,1,1
DGRP-380,6.19375,0,1,1
DGRP-280,0,0,1,1
DGRP-280,0.197222222,0,1,1
DGRP-280,0.983333333,0,1,1
DGRP-280,1.196527778,0,1,1
DGRP-280,1.995138889,27,1,1
DGRP-280,2.197916667,18,1,1
DGRP-280,3.008333333,75,1,1
DGRP-280,3.215972222,9,1,1
DGRP-280,3.988194444,23,1,1
DGRP-280,4.195138889,0,1,1
DGRP-280,5.023611111,0,1,1
DGRP-280,5.197916667,0,1,1
DGRP-280,6.01875,0,1,1
DGRP-280,6.19375,0,1,1
DGRP-383,0,0,1,1
DGRP-383,0.197222222,0,1,1
DGRP-383,0.983333333,1,1,1
DGRP-383,1.196527778,0,1,1
DGRP-383,1.995138889,1,1,1
DGRP-383,2.197916667,5,1,1
DGRP-383,3.008333333,41,1,1
DGRP-383,3.215972222,14,1,1
DGRP-383,3.988194444,78,1,1
DGRP-383,4.195138889,9,1,1
DGRP-383,5.023611111,0,1,1
DGRP-383,5.197916667,0,1,1
DGRP-383,6.01875,0,1,1
DGRP-383,6.19375,0,1,1
DGRP-136,0,0,1,1
DGRP-136,0.197222222,0,1,1
DGRP-136,0.983333333,2,1,1
DGRP-136,1.196527778,1,1,1
DGRP-136,1.995138889,1,1,1
DGRP-136,2.197916667,1,1,1
DGRP-136,3.008333333,10,1,1
DGRP-136,3.215972222,8,1,1
DGRP-136,3.988194444,75,1,1
DGRP-136,4.195138889,8,1,1
DGRP-136,5.023611111,31,1,1
DGRP-136,5.197916667,1,1,1
DGRP-136,6.01875,2,1,1
DGRP-136,6.19375,0,1,1
DGRP-189,0,0,1,1
DGRP-189,0.197222222,0,1,1
DGRP-189,0.983333333,0,1,1
DGRP-189,1.196527778,0,1,1
DGRP-189,1.995138889,3,1,1
DGRP-189,2.197916667,4,1,1
DGRP-189,3.008333333,34,1,1
DGRP-189,3.215972222,4,1,1
DGRP-189,3.988194444,58,1,1
DGRP-189,4.195138889,8,1,1
DGRP-189,5.023611111,34,1,1
DGRP-189,5.197916667,3,1,1
DGRP-189,6.01875,5,1,1
DGRP-189,6.19375,1,1,1
DGRP-426,0,0,0,1
DGRP-426,0.197222222,0,0,1
DGRP-426,0.983333333,0,0,1
DGRP-426,1.196527778,0,0,1
DGRP-426,1.995138889,0,0,1
DGRP-426,2.197916667,0,0,1
DGRP-426,3.008333333,0,0,1
DGRP-426,3.215972222,0,0,1
DGRP-426,3.988194444,0,0,1
DGRP-426,4.195138889,0,0,1
DGRP-426,5.023611111,0,0,1
DGRP-426,5.197916667,0,0,1
DGRP-426,6.01875,0,0,1
DGRP-426,6.19375,0,0,1
DGRP-93,0,0,0,1
DGRP-93,0.197222222,0,0,1
DGRP-93,0.983333333,0,0,1
DGRP-93,1.196527778,0,0,1
DGRP-93,1.995138889,0,0,1
DGRP-93,2.197916667,0,0,1
DGRP-93,3.008333333,0,0,1
DGRP-93,3.215972222,0,0,1
DGRP-93,3.988194444,0,0,1
DGRP-93,4.195138889,0,0,1
DGRP-93,5.023611111,0,0,1
DGRP-93,5.197916667,0,0,1
DGRP-93,6.01875,0,0,1
DGRP-93,6.19375,0,0,1
DGRP-437,0,2,0,1
DGRP-437,0.197222222,0,0,1
DGRP-437,0.983333333,0,0,1
DGRP-437,1.196527778,0,0,1
DGRP-437,1.995138889,0,0,1
DGRP-437,2.197916667,0,0,1
DGRP-437,3.008333333,0,0,1
DGRP-437,3.215972222,0,0,1
DGRP-437,3.988194444,0,0,1
DGRP-437,4.195138889,0,0,1
DGRP-437,5.023611111,0,0,1
DGRP-437,5.197916667,0,0,1
DGRP-437,6.01875,0,0,1
DGRP-437,6.19375,0,0,1
DGRP-324,0,0,0,1
DGRP-324,0.197222222,0,0,1
DGRP-324,0.983333333,0,0,1
DGRP-324,1.196527778,0,0,1
DGRP-324,1.995138889,0,0,1
DGRP-324,2.197916667,0,0,1
DGRP-324,3.008333333,0,0,1
DGRP-324,3.215972222,0,0,1
DGRP-324,3.988194444,0,0,1
DGRP-324,4.195138889,0,0,1
DGRP-324,5.023611111,0,0,1
DGRP-324,5.197916667,0,0,1
DGRP-324,6.01875,0,0,1
DGRP-324,6.19375,0,0,1
DGRP-380,0,0,0,1
DGRP-380,0.197222222,0,0,1
DGRP-380,0.983333333,0,0,1
DGRP-380,1.196527778,0,0,1
DGRP-380,1.995138889,0,0,1
DGRP-380,2.197916667,0,0,1
DGRP-380,3.008333333,0,0,1
DGRP-380,3.215972222,0,0,1
DGRP-380,3.988194444,0,0,1
DGRP-380,4.195138889,0,0,1
DGRP-380,5.023611111,0,0,1
DGRP-380,5.197916667,0,0,1
DGRP-380,6.01875,0,0,1
DGRP-380,6.19375,0,0,1
DGRP-280,0,1,0,1
DGRP-280,0.197222222,0,0,1
DGRP-280,0.983333333,0,0,1
DGRP-280,1.196527778,0,0,1
DGRP-280,1.995138889,0,0,1
DGRP-280,2.197916667,0,0,1
DGRP-280,3.008333333,0,0,1
DGRP-280,3.215972222,0,0,1
DGRP-280,3.988194444,0,0,1
DGRP-280,4.195138889,0,0,1
DGRP-280,5.023611111,0,0,1
DGRP-280,5.197916667,0,0,1
DGRP-280,6.01875,0,0,1
DGRP-280,6.19375,0,0,1
DGRP-383,0,2,0,1
DGRP-383,0.197222222,0,0,1
DGRP-383,0.983333333,0,0,1
DGRP-383,1.196527778,0,0,1
DGRP-383,1.995138889,0,0,1
DGRP-383,2.197916667,0,0,1
DGRP-383,3.008333333,0,0,1
DGRP-383,3.215972222,0,0,1
DGRP-383,3.988194444,0,0,1
DGRP-383,4.195138889,0,0,1
DGRP-383,5.023611111,0,0,1
DGRP-383,5.197916667,0,0,1
DGRP-383,6.01875,0,0,1
DGRP-383,6.19375,0,0,1
DGRP-136,0,10,0,1
DGRP-136,0.197222222,0,0,1
DGRP-136,0.983333333,0,0,1
DGRP-136,1.196527778,0,0,1
DGRP-136,1.995138889,0,0,1
DGRP-136,2.197916667,0,0,1
DGRP-136,3.008333333,0,0,1
DGRP-136,3.215972222,0,0,1
DGRP-136,3.988194444,0,0,1
DGRP-136,4.195138889,0,0,1
DGRP-136,5.023611111,0,0,1
DGRP-136,5.197916667,0,0,1
DGRP-136,6.01875,0,0,1
DGRP-136,6.19375,0,0,1
DGRP-189,0,0,0,1
DGRP-189,0.197222222,0,0,1
DGRP-189,0.983333333,0,0,1
DGRP-189,1.196527778,0,0,1
DGRP-189,1.995138889,0,0,1
DGRP-189,2.197916667,0,0,1
DGRP-189,3.008333333,0,0,1
DGRP-189,3.215972222,0,0,1
DGRP-189,3.988194444,0,0,1
DGRP-189,4.195138889,0,0,1
DGRP-189,5.023611111,0,0,1
DGRP-189,5.197916667,0,0,1
DGRP-189,6.01875,0,0,1
DGRP-189,6.19375,0,0,1
DGRP-91,0,0,1,2
DGRP-91,0.225694444,0,1,2
DGRP-91,1.006944444,0,1,2
DGRP-91,1.218055556,6,1,2
DGRP-91,2.0375,39,1,2
DGRP-91,2.233333333,11,1,2
DGRP-91,3.014583333,60,1,2
DGRP-91,3.231944444,11,1,2
DGRP-91,4.013888889,16,1,2
DGRP-91,4.213888889,2,1,2
DGRP-91,5.015277778,2,1,2
DGRP-91,5.208333333,0,1,2
DGRP-91,6.033333333,1,1,2
DGRP-91,6.2125,0,1,2
DGRP-91,7.034722222,0,1,2
DGRP-379,0,0,1,2
DGRP-379,0.225694444,0,1,2
DGRP-379,1.006944444,0,1,2
DGRP-379,1.218055556,0,1,2
DGRP-379,2.0375,0,1,2
DGRP-379,2.233333333,0,1,2
DGRP-379,3.014583333,9,1,2
DGRP-379,3.231944444,1,1,2
DGRP-379,4.013888889,53,1,2
DGRP-379,4.213888889,13,1,2
DGRP-379,5.015277778,57,1,2
DGRP-379,5.208333333,14,1,2
DGRP-379,6.033333333,6,1,2
DGRP-379,6.2125,1,1,2
DGRP-379,7.034722222,1,1,2
DGRP-362,0,0,1,2
DGRP-362,0.225694444,0,1,2
DGRP-362,1.006944444,0,1,2
DGRP-362,1.218055556,0,1,2
DGRP-362,2.0375,1,1,2
DGRP-362,2.233333333,0,1,2
DGRP-362,3.014583333,5,1,2
DGRP-362,3.231944444,1,1,2
DGRP-362,4.013888889,41,1,2
DGRP-362,4.213888889,21,1,2
DGRP-362,5.015277778,65,1,2
DGRP-362,5.208333333,9,1,2
DGRP-362,6.033333333,6,1,2
DGRP-362,6.2125,0,1,2
DGRP-362,7.034722222,0,1,2
DGRP-732,0,0,1,2
DGRP-732,0.225694444,0,1,2
DGRP-732,1.006944444,0,1,2
DGRP-732,1.218055556,0,1,2
DGRP-732,2.0375,31,1,2
DGRP-732,2.233333333,15,1,2
DGRP-732,3.014583333,74,1,2
DGRP-732,3.231944444,21,1,2
DGRP-732,4.013888889,7,1,2
DGRP-732,4.213888889,1,1,2
DGRP-732,5.015277778,1,1,2
DGRP-732,5.208333333,0,1,2
DGRP-732,6.033333333,0,1,2
DGRP-732,6.2125,0,1,2
DGRP-732,7.034722222,0,1,2
DGRP-371,0,0,1,2
DGRP-371,0.225694444,0,1,2
DGRP-371,1.006944444,0,1,2
DGRP-371,1.218055556,0,1,2
DGRP-371,2.0375,4,1,2
DGRP-371,2.233333333,4,1,2
DGRP-371,3.014583333,64,1,2
DGRP-371,3.231944444,23,1,2
DGRP-371,4.013888889,50,1,2
DGRP-371,4.213888889,3,1,2
DGRP-371,5.015277778,1,1,2
DGRP-371,5.208333333,0,1,2
DGRP-371,6.033333333,0,1,2
DGRP-371,6.2125,0,1,2
DGRP-371,7.034722222,0,1,2
DGRP-101,0,0,1,2
DGRP-101,0.225694444,0,1,2
DGRP-101,1.006944444,0,1,2
DGRP-101,1.218055556,0,1,2
DGRP-101,2.0375,3,1,2
DGRP-101,2.233333333,3,1,2
DGRP-101,3.014583333,90,1,2
DGRP-101,3.231944444,28,1,2
DGRP-101,4.013888889,25,1,2
DGRP-101,4.213888889,1,1,2
DGRP-101,5.015277778,0,1,2
DGRP-101,5.208333333,0,1,2
DGRP-101,6.033333333,0,1,2
DGRP-101,6.2125,0,1,2
DGRP-101,7.034722222,0,1,2
DGRP-820,0,0,1,2
DGRP-820,0.225694444,0,1,2
DGRP-820,1.006944444,0,1,2
DGRP-820,1.218055556,0,1,2
DGRP-820,2.0375,0,1,2
DGRP-820,2.233333333,0,1,2
DGRP-820,3.014583333,6,1,2
DGRP-820,3.231944444,4,1,2
DGRP-820,4.013888889,48,1,2
DGRP-820,4.213888889,36,1,2
DGRP-820,5.015277778,37,1,2
DGRP-820,5.208333333,1,1,2
DGRP-820,6.033333333,0,1,2
DGRP-820,6.2125,0,1,2
DGRP-820,7.034722222,0,1,2
DGRP-287,0,0,1,2
DGRP-287,0.225694444,1,1,2
DGRP-287,1.006944444,0,1,2
DGRP-287,1.218055556,0,1,2
DGRP-287,2.0375,0,1,2
DGRP-287,2.233333333,0,1,2
DGRP-287,3.014583333,2,1,2
DGRP-287,3.231944444,2,1,2
DGRP-287,4.013888889,69,1,2
DGRP-287,4.213888889,12,1,2
DGRP-287,5.015277778,34,1,2
DGRP-287,5.208333333,0,1,2
DGRP-287,6.033333333,0,1,2
DGRP-287,6.2125,0,1,2
DGRP-287,7.034722222,0,1,2
DGRP-304,0,0,1,2
DGRP-304,0.225694444,1,1,2
DGRP-304,1.006944444,1,1,2
DGRP-304,1.218055556,0,1,2
DGRP-304,2.0375,7,1,2
DGRP-304,2.233333333,0,1,2
DGRP-304,3.014583333,13,1,2
DGRP-304,3.231944444,18,1,2
DGRP-304,4.013888889,86,1,2
DGRP-304,4.213888889,5,1,2
DGRP-304,5.015277778,14,1,2
DGRP-304,5.208333333,1,1,2
DGRP-304,6.033333333,0,1,2
DGRP-304,6.2125,0,1,2
DGRP-304,7.034722222,0,1,2
DGRP-91,0,2,0,2
DGRP-91,0.225694444,0,0,2
DGRP-91,1.006944444,0,0,2
DGRP-91,1.218055556,0,0,2
DGRP-91,2.0375,0,0,2
DGRP-91,2.233333333,0,0,2
DGRP-91,3.014583333,0,0,2
DGRP-91,3.231944444,0,0,2
DGRP-91,4.013888889,0,0,2
DGRP-91,4.213888889,0,0,2
DGRP-91,5.015277778,0,0,2
DGRP-91,5.208333333,0,0,2
DGRP-91,6.033333333,0,0,2
DGRP-91,6.2125,0,0,2
DGRP-91,7.034722222,0,0,2
DGRP-379,0,0,0,2
DGRP-379,0.225694444,0,0,2
DGRP-379,1.006944444,0,0,2
DGRP-379,1.218055556,0,0,2
DGRP-379,2.0375,0,0,2
DGRP-379,2.233333333,0,0,2
DGRP-379,3.014583333,0,0,2
DGRP-379,3.231944444,0,0,2
DGRP-379,4.013888889,0,0,2
DGRP-379,4.213888889,0,0,2
DGRP-379,5.015277778,0,0,2
DGRP-379,5.208333333,0,0,2
DGRP-379,6.033333333,0,0,2
DGRP-379,6.2125,0,0,2
DGRP-379,7.034722222,0,0,2
DGRP-362,0,2,0,2
DGRP-362,0.225694444,0,0,2
DGRP-362,1.006944444,0,0,2
DGRP-362,1.218055556,0,0,2
DGRP-362,2.0375,0,0,2
DGRP-362,2.233333333,0,0,2
DGRP-362,3.014583333,0,0,2
DGRP-362,3.231944444,0,0,2
DGRP-362,4.013888889,0,0,2
DGRP-362,4.213888889,0,0,2
DGRP-362,5.015277778,0,0,2
DGRP-362,5.208333333,0,0,2
DGRP-362,6.033333333,0,0,2
DGRP-362,6.2125,0,0,2
DGRP-362,7.034722222,0,0,2
DGRP-732,0,0,0,2
DGRP-732,0.225694444,0,0,2
DGRP-732,1.006944444,0,0,2
DGRP-732,1.218055556,0,0,2
DGRP-732,2.0375,0,0,2
DGRP-732,2.233333333,0,0,2
DGRP-732,3.014583333,0,0,2
DGRP-732,3.231944444,0,0,2
DGRP-732,4.013888889,0,0,2
DGRP-732,4.213888889,0,0,2
DGRP-732,5.015277778,0,0,2
DGRP-732,5.208333333,0,0,2
DGRP-732,6.033333333,0,0,2
DGRP-732,6.2125,0,0,2
DGRP-732,7.034722222,0,0,2
DGRP-371,0,0,0,2
DGRP-371,0.225694444,0,0,2
DGRP-371,1.006944444,0,0,2
DGRP-371,1.218055556,0,0,2
DGRP-371,2.0375,0,0,2
DGRP-371,2.233333333,0,0,2
DGRP-371,3.014583333,0,0,2
DGRP-371,3.231944444,0,0,2
DGRP-371,4.013888889,0,0,2
DGRP-371,4.213888889,0,0,2
DGRP-371,5.015277778,0,0,2
DGRP-371,5.208333333,0,0,2
DGRP-371,6.033333333,0,0,2
DGRP-371,6.2125,0,0,2
DGRP-371,7.034722222,0,0,2
DGRP-101,0,0,0,2
DGRP-101,0.225694444,0,0,2
DGRP-101,1.006944444,0,0,2
DGRP-101,1.218055556,0,0,2
DGRP-101,2.0375,0,0,2
DGRP-101,2.233333333,0,0,2
DGRP-101,3.014583333,0,0,2
DGRP-101,3.231944444,0,0,2
DGRP-101,4.013888889,0,0,2
DGRP-101,4.213888889,0,0,2
DGRP-101,5.015277778,0,0,2
DGRP-101,5.208333333,0,0,2
DGRP-101,6.033333333,0,0,2
DGRP-101,6.2125,0,0,2
DGRP-101,7.034722222,0,0,2
DGRP-820,0,1,0,2
DGRP-820,0.225694444,0,0,2
DGRP-820,1.006944444,0,0,2
DGRP-820,1.218055556,0,0,2
DGRP-820,2.0375,0,0,2
DGRP-820,2.233333333,0,0,2
DGRP-820,3.014583333,0,0,2
DGRP-820,3.231944444,0,0,2
DGRP-820,4.013888889,0,0,2
DGRP-820,4.213888889,0,0,2
DGRP-820,5.015277778,0,0,2
DGRP-820,5.208333333,0,0,2
DGRP-820,6.033333333,0,0,2
DGRP-820,6.2125,0,0,2
DGRP-820,7.034722222,0,0,2
DGRP-287,0,0,0,2
DGRP-287,0.225694444,0,0,2
DGRP-287,1.006944444,0,0,2
DGRP-287,1.218055556,0,0,2
DGRP-287,2.0375,0,0,2
DGRP-287,2.233333333,0,0,2
DGRP-287,3.014583333,0,0,2
DGRP-287,3.231944444,0,0,2
DGRP-287,4.013888889,0,0,2
DGRP-287,4.213888889,0,0,2
DGRP-287,5.015277778,0,0,2
DGRP-287,5.208333333,0,0,2
DGRP-287,6.033333333,0,0,2
DGRP-287,6.2125,0,0,2
DGRP-287,7.034722222,0,0,2
DGRP-304,0,2,0,2
DGRP-304,0.225694444,0,0,2
DGRP-304,1.006944444,0,0,2
DGRP-304,1.218055556,0,0,2
DGRP-304,2.0375,0,0,2
DGRP-304,2.233333333,0,0,2
DGRP-304,3.014583333,0,0,2
DGRP-304,3.231944444,0,0,2
DGRP-304,4.013888889,0,0,2
DGRP-304,4.213888889,0,0,2
DGRP-304,5.015277778,0,0,2
DGRP-304,5.208333333,0,0,2
DGRP-304,6.033333333,0,0,2
DGRP-304,6.2125,0,0,2
DGRP-304,7.034722222,0,0,2
DGRP-391,0,0,1,3
DGRP-391,0.229861111,0,1,3
DGRP-391,1.008333333,0,1,3
DGRP-391,1.211805556,0,1,3
DGRP-391,2.015972222,7,1,3
DGRP-391,2.220138889,7,1,3
DGRP-391,3.005555556,92,1,3
DGRP-391,3.2125,11,1,3
DGRP-391,4.006944444,29,1,3
DGRP-391,4.213194444,0,1,3
DGRP-391,5.011111111,1,1,3
DGRP-391,5.208333333,0,1,3
DGRP-391,6.025694444,0,1,3
DGRP-391,6.213194444,0,1,3
DGRP-391,7.036805556,0,1,3
DGRP-365,0,0,1,3
DGRP-365,0.229861111,0,1,3
DGRP-365,1.008333333,0,1,3
DGRP-365,1.211805556,1,1,3
DGRP-365,2.015972222,119,1,3
DGRP-365,2.220138889,11,1,3
DGRP-365,3.005555556,20,1,3
DGRP-365,3.2125,0,1,3
DGRP-365,4.006944444,0,1,3
DGRP-365,4.213194444,0,1,3
DGRP-365,5.011111111,0,1,3
DGRP-365,5.208333333,0,1,3
DGRP-365,6.025694444,0,1,3
DGRP-365,6.213194444,0,1,3
DGRP-365,7.036805556,0,1,3
DGRP-757,0,0,1,3
DGRP-757,0.229861111,2,1,3
DGRP-757,1.008333333,3,1,3
DGRP-757,1.211805556,3,1,3
DGRP-757,2.015972222,63,1,3
DGRP-757,2.220138889,22,1,3
DGRP-757,3.005555556,28,1,3
DGRP-757,3.2125,15,1,3
DGRP-757,4.006944444,0,1,3
DGRP-757,4.213194444,0,1,3
DGRP-757,5.011111111,0,1,3
DGRP-757,5.208333333,0,1,3
DGRP-757,6.025694444,0,1,3
DGRP-757,6.213194444,0,1,3
DGRP-757,7.036805556,0,1,3
DGRP-303,0,0,1,3
DGRP-303,0.229861111,0,1,3
DGRP-303,1.008333333,1,1,3
DGRP-303,1.211805556,0,1,3
DGRP-303,2.015972222,3,1,3
DGRP-303,2.220138889,0,1,3
DGRP-303,3.005555556,72,1,3
DGRP-303,3.2125,19,1,3
DGRP-303,4.006944444,44,1,3
DGRP-303,4.213194444,4,1,3
DGRP-303,5.011111111,0,1,3
DGRP-303,5.208333333,0,1,3
DGRP-303,6.025694444,0,1,3
DGRP-303,6.213194444,0,1,3
DGRP-303,7.036805556,0,1,3
DGRP-309,0,0,1,3
DGRP-309,0.229861111,0,1,3
DGRP-309,1.008333333,0,1,3
DGRP-309,1.211805556,0,1,3
DGRP-309,2.015972222,2,1,3
DGRP-309,2.220138889,5,1,3
DGRP-309,3.005555556,57,1,3
DGRP-309,3.2125,13,1,3
DGRP-309,4.006944444,50,1,3
DGRP-309,4.213194444,10,1,3
DGRP-309,5.011111111,10,1,3
DGRP-309,5.208333333,1,1,3
DGRP-309,6.025694444,0,1,3
DGRP-309,6.213194444,0,1,3
DGRP-309,7.036805556,0,1,3
DGRP-318,0,0,1,3
DGRP-318,0.229861111,0,1,3
DGRP-318,1.008333333,0,1,3
DGRP-318,1.211805556,0,1,3
DGRP-318,2.015972222,2,1,3
DGRP-318,2.220138889,3,1,3
DGRP-318,3.005555556,69,1,3
DGRP-318,3.2125,24,1,3
DGRP-318,4.006944444,48,1,3
DGRP-318,4.213194444,2,1,3
DGRP-318,5.011111111,0,1,3
DGRP-318,5.208333333,0,1,3
DGRP-318,6.025694444,0,1,3
DGRP-318,6.213194444,0,1,3
DGRP-318,7.036805556,0,1,3
DGRP-88,0,0,1,3
DGRP-88,0.229861111,0,1,3
DGRP-88,1.008333333,4,1,3
DGRP-88,1.211805556,3,1,3
DGRP-88,2.015972222,29,1,3
DGRP-88,2.220138889,8,1,3
DGRP-88,3.005555556,65,1,3
DGRP-88,3.2125,9,1,3
DGRP-88,4.006944444,22,1,3
DGRP-88,4.213194444,5,1,3
DGRP-88,5.011111111,1,1,3
DGRP-88,5.208333333,0,1,3
DGRP-88,6.025694444,0,1,3
DGRP-88,6.213194444,0,1,3
DGRP-88,7.036805556,0,1,3
DGRP-109,0,0,1,3
DGRP-109,0.229861111,0,1,3
DGRP-109,1.008333333,0,1,3
DGRP-109,1.211805556,1,1,3
DGRP-109,2.015972222,5,1,3
DGRP-109,2.220138889,5,1,3
DGRP-109,3.005555556,84,1,3
DGRP-109,3.2125,24,1,3
DGRP-109,4.006944444,27,1,3
DGRP-109,4.213194444,0,1,3
DGRP-109,5.011111111,0,1,3
DGRP-109,5.208333333,0,1,3
DGRP-109,6.025694444,0,1,3
DGRP-109,6.213194444,0,1,3
DGRP-109,7.036805556,0,1,3
DGRP-391,0,0,0,3
DGRP-391,0.229861111,0,0,3
DGRP-391,1.008333333,0,0,3
DGRP-391,1.211805556,0,0,3
DGRP-391,2.015972222,0,0,3
DGRP-391,2.220138889,0,0,3
DGRP-391,3.005555556,0,0,3
DGRP-391,3.2125,0,0,3
DGRP-391,4.006944444,0,0,3
DGRP-391,4.213194444,0,0,3
DGRP-391,5.011111111,0,0,3
DGRP-391,5.208333333,0,0,3
DGRP-391,6.025694444,0,0,3
DGRP-391,6.213194444,0,0,3
DGRP-391,7.036805556,0,0,3
DGRP-365,0,0,0,3
DGRP-365,0.229861111,0,0,3
DGRP-365,1.008333333,0,0,3
DGRP-365,1.211805556,0,0,3
DGRP-365,2.015972222,0,0,3
DGRP-365,2.220138889,0,0,3
DGRP-365,3.005555556,0,0,3
DGRP-365,3.2125,0,0,3
DGRP-365,4.006944444,0,0,3
DGRP-365,4.213194444,0,0,3
DGRP-365,5.011111111,0,0,3
DGRP-365,5.208333333,0,0,3
DGRP-365,6.025694444,0,0,3
DGRP-365,6.213194444,0,0,3
DGRP-365,7.036805556,0,0,3
DGRP-757,0,6,0,3
DGRP-757,0.229861111,0,0,3
DGRP-757,1.008333333,0,0,3
DGRP-757,1.211805556,0,0,3
DGRP-757,2.015972222,0,0,3
DGRP-757,2.220138889,0,0,3
DGRP-757,3.005555556,0,0,3
DGRP-757,3.2125,0,0,3
DGRP-757,4.006944444,0,0,3
DGRP-757,4.213194444,0,0,3
DGRP-757,5.011111111,0,0,3
DGRP-757,5.208333333,0,0,3
DGRP-757,6.025694444,0,0,3
DGRP-757,6.213194444,0,0,3
DGRP-757,7.036805556,0,0,3
DGRP-303,0,0,0,3
DGRP-303,0.229861111,0,0,3
DGRP-303,1.008333333,0,0,3
DGRP-303,1.211805556,0,0,3
DGRP-303,2.015972222,0,0,3
DGRP-303,2.220138889,0,0,3
DGRP-303,3.005555556,0,0,3
DGRP-303,3.2125,0,0,3
DGRP-303,4.006944444,0,0,3
DGRP-303,4.213194444,0,0,3
DGRP-303,5.011111111,0,0,3
DGRP-303,5.208333333,0,0,3
DGRP-303,6.025694444,0,0,3
DGRP-303,6.213194444,0,0,3
DGRP-303,7.036805556,1,0,3
DGRP-309,0,0,0,3
DGRP-309,0.229861111,0,0,3
DGRP-309,1.008333333,0,0,3
DGRP-309,1.211805556,0,0,3
DGRP-309,2.015972222,0,0,3
DGRP-309,2.220138889,0,0,3
DGRP-309,3.005555556,0,0,3
DGRP-309,3.2125,0,0,3
DGRP-309,4.006944444,0,0,3
DGRP-309,4.213194444,0,0,3
DGRP-309,5.011111111,0,0,3
DGRP-309,5.208333333,0,0,3
DGRP-309,6.025694444,0,0,3
DGRP-309,6.213194444,0,0,3
DGRP-309,7.036805556,0,0,3
DGRP-318,0,1,0,3
DGRP-318,0.229861111,0,0,3
DGRP-318,1.008333333,0,0,3
DGRP-318,1.211805556,0,0,3
DGRP-318,2.015972222,0,0,3
DGRP-318,2.220138889,0,0,3
DGRP-318,3.005555556,0,0,3
DGRP-318,3.2125,0,0,3
DGRP-318,4.006944444,0,0,3
DGRP-318,4.213194444,0,0,3
DGRP-318,5.011111111,0,0,3
DGRP-318,5.208333333,0,0,3
DGRP-318,6.025694444,0,0,3
DGRP-318,6.213194444,0,0,3
DGRP-318,7.036805556,0,0,3
DGRP-88,0,1,0,3
DGRP-88,0.229861111,0,0,3
DGRP-88,1.008333333,0,0,3
DGRP-88,1.211805556,0,0,3
DGRP-88,2.015972222,0,0,3
DGRP-88,2.220138889,0,0,3
DGRP-88,3.005555556,0,0,3
DGRP-88,3.2125,0,0,3
DGRP-88,4.006944444,0,0,3
DGRP-88,4.213194444,0,0,3
DGRP-88,5.011111111,0,0,3
DGRP-88,5.208333333,0,0,3
DGRP-88,6.025694444,0,0,3
DGRP-88,6.213194444,0,0,3
DGRP-88,7.036805556,0,0,3
DGRP-109,0,0,0,3
DGRP-109,0.229861111,0,0,3
DGRP-109,1.008333333,0,0,3
DGRP-109,1.211805556,0,0,3
DGRP-109,2.015972222,0,0,3
DGRP-109,2.220138889,0,0,3
DGRP-109,3.005555556,0,0,3
DGRP-109,3.2125,0,0,3
DGRP-109,4.006944444,0,0,3
DGRP-109,4.213194444,0,0,3
DGRP-109,5.011111111,0,0,3
DGRP-109,5.208333333,0,0,3
DGRP-109,6.025694444,0,0,3
DGRP-109,6.213194444,0,0,3
DGRP-109,7.036805556,0,0,3
DGRP-385,0,0,1,4
DGRP-385,0.211805556,0,1,4
DGRP-385,0.996527778,0,1,4
DGRP-385,1.204861111,0,1,4
DGRP-385,2.023611111,2,1,4
DGRP-385,2.204861111,2,1,4
DGRP-385,2.992361111,41,1,4
DGRP-385,3.201388889,23,1,4
DGRP-385,4.029861111,67,1,4
DGRP-385,4.200694444,4,1,4
DGRP-385,4.986111111,4,1,4
DGRP-385,5.194444444,0,1,4
DGRP-385,6.016666667,0,1,4
DGRP-59,0,0,1,4
DGRP-59,0.211805556,0,1,4
DGRP-59,0.996527778,0,1,4
DGRP-59,1.204861111,0,1,4
DGRP-59,2.023611111,17,1,4
DGRP-59,2.204861111,6,1,4
DGRP-59,2.992361111,52,1,4
DGRP-59,3.201388889,19,1,4
DGRP-59,4.029861111,47,1,4
DGRP-59,4.200694444,1,1,4
DGRP-59,4.986111111,3,1,4
DGRP-59,5.194444444,0,1,4
DGRP-59,6.016666667,0,1,4
DGRP-716,0,0,1,4
DGRP-716,0.211805556,1,1,4
DGRP-716,0.996527778,0,1,4
DGRP-716,1.204861111,0,1,4
DGRP-716,2.023611111,17,1,4
DGRP-716,2.204861111,12,1,4
DGRP-716,2.992361111,18,1,4
DGRP-716,3.201388889,8,1,4
DGRP-716,4.029861111,57,1,4
DGRP-716,4.200694444,16,1,4
DGRP-716,4.986111111,19,1,4
DGRP-716,5.194444444,0,1,4
DGRP-716,6.016666667,2,1,4
DGRP-129,0,0,1,4
DGRP-129,0.211805556,0,1,4
DGRP-129,0.996527778,0,1,4
DGRP-129,1.204861111,0,1,4
DGRP-129,2.023611111,10,1,4
DGRP-129,2.204861111,11,1,4
DGRP-129,2.992361111,65,1,4
DGRP-129,3.201388889,3,1,4
DGRP-129,4.029861111,0,1,4
DGRP-129,4.200694444,0,1,4
DGRP-129,4.986111111,0,1,4
DGRP-129,5.194444444,0,1,4
DGRP-129,6.016666667,0,1,4
DGRP-320,0,0,1,4
DGRP-320,0.211805556,0,1,4
DGRP-320,0.996527778,0,1,4
DGRP-320,1.204861111,0,1,4
DGRP-320,2.023611111,10,1,4
DGRP-320,2.204861111,5,1,4
DGRP-320,2.992361111,25,1,4
DGRP-320,3.201388889,11,1,4
DGRP-320,4.029861111,46,1,4
DGRP-320,4.200694444,10,1,4
DGRP-320,4.986111111,37,1,4
DGRP-320,5.194444444,1,1,4
DGRP-320,6.016666667,5,1,4
DGRP-427,0,0,1,4
DGRP-427,0.211805556,0,1,4
DGRP-427,0.996527778,0,1,4
DGRP-427,1.204861111,1,1,4
DGRP-427,2.023611111,18,1,4
DGRP-427,2.204861111,17,1,4
DGRP-427,2.992361111,110,1,4
DGRP-427,3.201388889,0,1,4
DGRP-427,4.029861111,2,1,4
DGRP-427,4.200694444,0,1,4
DGRP-427,4.986111111,0,1,4
DGRP-427,5.194444444,0,1,4
DGRP-427,6.016666667,0,1,4
DGRP-386,0,0,1,4
DGRP-386,0.211805556,0,1,4
DGRP-386,0.996527778,0,1,4
DGRP-386,1.204861111,5,1,4
DGRP-386,2.023611111,73,1,4
DGRP-386,2.204861111,19,1,4
DGRP-386,2.992361111,40,1,4
DGRP-386,3.201388889,1,1,4
DGRP-386,4.029861111,1,1,4
DGRP-386,4.200694444,9,1,4
DGRP-386,4.986111111,0,1,4
DGRP-386,5.194444444,0,1,4
DGRP-386,6.016666667,0,1,4
DGRP-228,0,0,1,4
DGRP-228,0.211805556,0,1,4
DGRP-228,0.996527778,0,1,4
DGRP-228,1.204861111,0,1,4
DGRP-228,2.023611111,47,1,4
DGRP-228,2.204861111,21,1,4
DGRP-228,2.992361111,77,1,4
DGRP-228,3.201388889,4,1,4
DGRP-228,4.029861111,1,1,4
DGRP-228,4.200694444,0,1,4
DGRP-228,4.986111111,0,1,4
DGRP-228,5.194444444,0,1,4
DGRP-228,6.016666667,0,1,4
DGRP-385,0,5,0,4
DGRP-385,0.211805556,0,0,4
DGRP-385,0.996527778,0,0,4
DGRP-385,1.204861111,0,0,4
DGRP-385,2.023611111,0,0,4
DGRP-385,2.204861111,0,0,4
DGRP-385,2.992361111,0,0,4
DGRP-385,3.201388889,0,0,4
DGRP-385,4.029861111,0,0,4
DGRP-385,4.200694444,0,0,4
DGRP-385,4.986111111,0,0,4
DGRP-385,5.194444444,0,0,4
DGRP-385,6.016666667,0,0,4
DGRP-59,0,5,0,4
DGRP-59,0.211805556,0,0,4
DGRP-59,0.996527778,0,0,4
DGRP-59,1.204861111,0,0,4
DGRP-59,2.023611111,0,0,4
DGRP-59,2.204861111,0,0,4
DGRP-59,2.992361111,0,0,4
DGRP-59,3.201388889,0,0,4
DGRP-59,4.029861111,0,0,4
DGRP-59,4.200694444,0,0,4
DGRP-59,4.986111111,0,0,4
DGRP-59,5.194444444,0,0,4
DGRP-59,6.016666667,0,0,4
DGRP-716,0,3,0,4
DGRP-716,0.211805556,0,0,4
DGRP-716,0.996527778,0,0,4
DGRP-716,1.204861111,0,0,4
DGRP-716,2.023611111,0,0,4
DGRP-716,2.204861111,0,0,4
DGRP-716,2.992361111,0,0,4
DGRP-716,3.201388889,0,0,4
DGRP-716,4.029861111,0,0,4
DGRP-716,4.200694444,0,0,4
DGRP-716,4.986111111,0,0,4
DGRP-716,5.194444444,0,0,4
DGRP-716,6.016666667,0,0,4
DGRP-129,0,0,0,4
DGRP-129,0.211805556,0,0,4
DGRP-129,0.996527778,0,0,4
DGRP-129,1.204861111,0,0,4
DGRP-129,2.023611111,0,0,4
DGRP-129,2.204861111,0,0,4
DGRP-129,2.992361111,0,0,4
DGRP-129,3.201388889,0,0,4
DGRP-129,4.029861111,0,0,4
DGRP-129,4.200694444,0,0,4
DGRP-129,4.986111111,0,0,4
DGRP-129,5.194444444,0,0,4
DGRP-129,6.016666667,0,0,4
DGRP-320,0,0,0,4
DGRP-320,0.211805556,0,0,4
DGRP-320,0.996527778,0,0,4
DGRP-320,1.204861111,0,0,4
DGRP-320,2.023611111,0,0,4
DGRP-320,2.204861111,0,0,4
DGRP-320,2.992361111,0,0,4
DGRP-320,3.201388889,0,0,4
DGRP-320,4.029861111,0,0,4
DGRP-320,4.200694444,0,0,4
DGRP-320,4.986111111,0,0,4
DGRP-320,5.194444444,0,0,4
DGRP-320,6.016666667,0,0,4
DGRP-427,0,1,0,4
DGRP-427,0.211805556,0,0,4
DGRP-427,0.996527778,0,0,4
DGRP-427,1.204861111,0,0,4
DGRP-427,2.023611111,0,0,4
DGRP-427,2.204861111,0,0,4
DGRP-427,2.992361111,0,0,4
DGRP-427,3.201388889,0,0,4
DGRP-427,4.029861111,0,0,4
DGRP-427,4.200694444,0,0,4
DGRP-427,4.986111111,0,0,4
DGRP-427,5.194444444,0,0,4
DGRP-427,6.016666667,0,0,4
DGRP-386,0,7,0,4
DGRP-386,0.211805556,0,0,4
DGRP-386,0.996527778,0,0,4
DGRP-386,1.204861111,0,0,4
DGRP-386,2.023611111,0,0,4
DGRP-386,2.204861111,0,0,4
DGRP-386,2.992361111,0,0,4
DGRP-386,3.201388889,0,0,4
DGRP-386,4.029861111,0,0,4
DGRP-386,4.200694444,0,0,4
DGRP-386,4.986111111,0,0,4
DGRP-386,5.194444444,0,0,4
DGRP-386,6.016666667,0,0,4
DGRP-228,0,0,0,4
DGRP-228,0.211805556,0,0,4
DGRP-228,0.996527778,0,0,4
DGRP-228,1.204861111,0,0,4
DGRP-228,2.023611111,0,0,4
DGRP-228,2.204861111,0,0,4
DGRP-228,2.992361111,0,0,4
DGRP-228,3.201388889,0,0,4
DGRP-228,4.029861111,0,0,4
DGRP-228,4.200694444,0,0,4
DGRP-228,4.986111111,0,0,4
DGRP-228,5.194444444,0,0,4
DGRP-228,6.016666667,0,0,4
DGRP-21,0,0,1,5
DGRP-21,0.227083333,0,1,5
DGRP-21,1.007638889,3,1,5
DGRP-21,1.228472222,6,1,5
DGRP-21,2.022222222,83,1,5
DGRP-21,2.208333333,17,1,5
DGRP-21,3.005555556,36,1,5
DGRP-21,3.229861111,0,1,5
DGRP-21,4.021527778,2,1,5
DGRP-21,4.221527778,0,1,5
DGRP-21,5.028472222,0,1,5
DGRP-21,5.028472222,0,1,5
DGRP-21,6.84375,0,1,5
DGRP-208,0,0,1,5
DGRP-208,0.227083333,0,1,5
DGRP-208,1.007638889,0,1,5
DGRP-208,1.228472222,0,1,5
DGRP-208,2.022222222,2,1,5
DGRP-208,2.208333333,4,1,5
DGRP-208,3.005555556,62,1,5
DGRP-208,3.229861111,25,1,5
DGRP-208,4.021527778,49,1,5
DGRP-208,4.221527778,2,1,5
DGRP-208,5.028472222,4,1,5
DGRP-208,5.028472222,0,1,5
DGRP-208,6.84375,0,1,5
DGRP-783,0,0,1,5
DGRP-783,0.227083333,0,1,5
DGRP-783,1.007638889,0,1,5
DGRP-783,1.228472222,0,1,5
DGRP-783,2.022222222,0,1,5
DGRP-783,2.208333333,4,1,5
DGRP-783,3.005555556,53,1,5
DGRP-783,3.229861111,16,1,5
DGRP-783,4.021527778,76,1,5
DGRP-783,4.221527778,0,1,5
DGRP-783,5.028472222,5,1,5
DGRP-783,5.028472222,0,1,5
DGRP-783,6.84375,0,1,5
DGRP-370,0,0,1,5
DGRP-370,0.227083333,0,1,5
DGRP-370,1.007638889,2,1,5
DGRP-370,1.228472222,1,1,5
DGRP-370,2.022222222,42,1,5
DGRP-370,2.208333333,16,1,5
DGRP-370,3.005555556,73,1,5
DGRP-370,3.229861111,5,1,5
DGRP-370,4.021527778,4,1,5
DGRP-370,4.221527778,0,1,5
DGRP-370,5.028472222,0,1,5
DGRP-370,5.028472222,0,1,5
DGRP-370,6.84375,0,1,5
DGRP-217,0,0,1,5
DGRP-217,0.227083333,0,1,5
DGRP-217,1.007638889,0,1,5
DGRP-217,1.228472222,0,1,5
DGRP-217,2.022222222,3,1,5
DGRP-217,2.208333333,2,1,5
DGRP-217,3.005555556,17,1,5
DGRP-217,3.229861111,9,1,5
DGRP-217,4.021527778,61,1,5
DGRP-217,4.221527778,14,1,5
DGRP-217,5.028472222,40,1,5
DGRP-217,5.028472222,1,1,5
DGRP-217,6.84375,2,1,5
DGRP-42,0,0,1,5
DGRP-42,0.227083333,1,1,5
DGRP-42,1.007638889,2,1,5
DGRP-42,1.228472222,1,1,5
DGRP-42,2.022222222,20,1,5
DGRP-42,2.208333333,6,1,5
DGRP-42,3.005555556,57,1,5
DGRP-42,3.229861111,9,1,5
DGRP-42,4.021527778,31,1,5
DGRP-42,4.221527778,6,1,5
DGRP-42,5.028472222,16,1,5
DGRP-42,5.028472222,0,1,5
DGRP-42,6.84375,1,1,5
DGRP-774,0,0,1,5
DGRP-774,0.227083333,0,1,5
DGRP-774,1.007638889,2,1,5
DGRP-774,1.228472222,3,1,5
DGRP-774,2.022222222,58,1,5
DGRP-774,2.208333333,12,1,5
DGRP-774,3.005555556,53,1,5
DGRP-774,3.229861111,13,1,5
DGRP-774,4.021527778,4,1,5
DGRP-774,4.221527778,1,1,5
DGRP-774,5.028472222,0,1,5
DGRP-774,5.028472222,0,1,5
DGRP-774,6.84375,0,1,5
DGRP-799,0,0,1,5
DGRP-799,0.227083333,2,1,5
DGRP-799,1.007638889,0,1,5
DGRP-799,1.228472222,0,1,5
DGRP-799,2.022222222,9,1,5
DGRP-799,2.208333333,0,1,5
DGRP-799,3.005555556,54,1,5
DGRP-799,3.229861111,26,1,5
DGRP-799,4.021527778,56,1,5
DGRP-799,4.221527778,1,1,5
DGRP-799,5.028472222,1,1,5
DGRP-799,5.028472222,0,1,5
DGRP-799,6.84375,0,1,5
DGRP-441,0,0,1,5
DGRP-441,0.227083333,0,1,5
DGRP-441,1.007638889,0,1,5
DGRP-441,1.228472222,0,1,5
DGRP-441,2.022222222,0,1,5
DGRP-441,2.208333333,0,1,5
DGRP-441,3.005555556,1,1,5
DGRP-441,3.229861111,2,1,5
DGRP-441,4.021527778,45,1,5
DGRP-441,4.221527778,25,1,5
DGRP-441,5.028472222,66,1,5
DGRP-441,5.028472222,2,1,5
DGRP-441,6.84375,7,1,5
DGRP-21,0,3,0,5
DGRP-21,0.227083333,0,0,5
DGRP-21,1.007638889,0,0,5
DGRP-21,1.228472222,0,0,5
DGRP-21,2.022222222,0,0,5
DGRP-21,2.208333333,0,0,5
DGRP-21,3.005555556,0,0,5
DGRP-21,3.229861111,0,0,5
DGRP-21,4.021527778,0,0,5
DGRP-21,4.221527778,0,0,5
DGRP-21,5.028472222,0,0,5
DGRP-21,5.028472222,0,0,5
DGRP-21,6.84375,0,0,5
DGRP-208,0,1,0,5
DGRP-208,0.227083333,0,0,5
DGRP-208,1.007638889,0,0,5
DGRP-208,1.228472222,0,0,5
DGRP-208,2.022222222,0,0,5
DGRP-208,2.208333333,0,0,5
DGRP-208,3.005555556,0,0,5
DGRP-208,3.229861111,0,0,5
DGRP-208,4.021527778,0,0,5
DGRP-208,4.221527778,0,0,5
DGRP-208,5.028472222,0,0,5
DGRP-208,5.028472222,0,0,5
DGRP-208,6.84375,0,0,5
DGRP-783,0,2,0,5
DGRP-783,0.227083333,0,0,5
DGRP-783,1.007638889,0,0,5
DGRP-783,1.228472222,0,0,5
DGRP-783,2.022222222,0,0,5
DGRP-783,2.208333333,0,0,5
DGRP-783,3.005555556,0,0,5
DGRP-783,3.229861111,0,0,5
DGRP-783,4.021527778,0,0,5
DGRP-783,4.221527778,0,0,5
DGRP-783,5.028472222,0,0,5
DGRP-783,5.028472222,0,0,5
DGRP-783,6.84375,0,0,5
DGRP-370,0,6,0,5
DGRP-370,0.227083333,2,0,5
DGRP-370,1.007638889,0,0,5
DGRP-370,1.228472222,0,0,5
DGRP-370,2.022222222,0,0,5
DGRP-370,2.208333333,0,0,5
DGRP-370,3.005555556,0,0,5
DGRP-370,3.229861111,0,0,5
DGRP-370,4.021527778,0,0,5
DGRP-370,4.221527778,0,0,5
DGRP-370,5.028472222,0,0,5
DGRP-370,5.028472222,0,0,5
DGRP-370,6.84375,0,0,5
DGRP-217,0,3,0,5
DGRP-217,0.227083333,0,0,5
DGRP-217,1.007638889,0,0,5
DGRP-217,1.228472222,0,0,5
DGRP-217,2.022222222,0,0,5
DGRP-217,2.208333333,0,0,5
DGRP-217,3.005555556,0,0,5
DGRP-217,3.229861111,0,0,5
DGRP-217,4.021527778,0,0,5
DGRP-217,4.221527778,0,0,5
DGRP-217,5.028472222,0,0,5
DGRP-217,5.028472222,0,0,5
DGRP-217,6.84375,0,0,5
DGRP-42,0,8,0,5
DGRP-42,0.227083333,0,0,5
DGRP-42,1.007638889,0,0,5
DGRP-42,1.228472222,0,0,5
DGRP-42,2.022222222,0,0,5
DGRP-42,2.208333333,0,0,5
DGRP-42,3.005555556,0,0,5
DGRP-42,3.229861111,0,0,5
DGRP-42,4.021527778,1,0,5
DGRP-42,4.221527778,0,0,5
DGRP-42,5.028472222,0,0,5
DGRP-42,5.028472222,0,0,5
DGRP-42,6.84375,0,0,5
DGRP-774,0,1,0,5
DGRP-774,0.227083333,0,0,5
DGRP-774,1.007638889,0,0,5
DGRP-774,1.228472222,0,0,5
DGRP-774,2.022222222,0,0,5
DGRP-774,2.208333333,0,0,5
DGRP-774,3.005555556,0,0,5
DGRP-774,3.229861111,0,0,5
DGRP-774,4.021527778,0,0,5
DGRP-774,4.221527778,0,0,5
DGRP-774,5.028472222,0,0,5
DGRP-774,5.028472222,0,0,5
DGRP-774,6.84375,0,0,5
DGRP-799,0,0,0,5
DGRP-799,0.227083333,0,0,5
DGRP-799,1.007638889,0,0,5
DGRP-799,1.228472222,0,0,5
DGRP-799,2.022222222,0,0,5
DGRP-799,2.208333333,0,0,5
DGRP-799,3.005555556,0,0,5
DGRP-799,3.229861111,0,0,5
DGRP-799,4.021527778,0,0,5
DGRP-799,4.221527778,0,0,5
DGRP-799,5.028472222,0,0,5
DGRP-799,5.028472222,0,0,5
DGRP-799,6.84375,0,0,5
DGRP-441,0,0,0,5
DGRP-441,0.227083333,0,0,5
DGRP-441,1.007638889,0,0,5
DGRP-441,1.228472222,0,0,5
DGRP-441,2.022222222,0,0,5
DGRP-441,2.208333333,0,0,5
DGRP-441,3.005555556,0,0,5
DGRP-441,3.229861111,0,0,5
DGRP-441,4.021527778,0,0,5
DGRP-441,4.221527778,0,0,5
DGRP-441,5.028472222,0,0,5
DGRP-441,5.028472222,0,0,5
DGRP-441,6.84375,0,0,5
DGRP-382,0,0,1,6
DGRP-382,0.206944444,0,1,6
DGRP-382,0.979166667,0,1,6
DGRP-382,1.195833333,0,1,6
DGRP-382,2.021527778,19,1,6
DGRP-382,2.197916667,9,1,6
DGRP-382,2.995138889,76,1,6
DGRP-382,3.181944444,18,1,6
DGRP-382,4.024305556,22,1,6
DGRP-382,4.188194444,1,1,6
DGRP-382,4.998611111,3,1,6
DGRP-382,5.185416667,0,1,6
DGRP-382,6,0,1,6
DGRP-359,0,0,1,6
DGRP-359,0.206944444,0,1,6
DGRP-359,0.979166667,3,1,6
DGRP-359,1.195833333,0,1,6
DGRP-359,2.021527778,11,1,6
DGRP-359,2.197916667,12,1,6
DGRP-359,2.995138889,68,1,6
DGRP-359,3.181944444,19,1,6
DGRP-359,4.024305556,33,1,6
DGRP-359,4.188194444,2,1,6
DGRP-359,4.998611111,0,1,6
DGRP-359,5.185416667,0,1,6
DGRP-359,6,0,1,6
DGRP-517,0,0,1,6
DGRP-517,0.206944444,0,1,6
DGRP-517,0.979166667,0,1,6
DGRP-517,1.195833333,0,1,6
DGRP-517,2.021527778,2,1,6
DGRP-517,2.197916667,1,1,6
DGRP-517,2.995138889,9,1,6
DGRP-517,3.181944444,14,1,6
DGRP-517,4.024305556,101,1,6
DGRP-517,4.188194444,4,1,6
DGRP-517,4.998611111,16,1,6
DGRP-517,5.185416667,2,1,6
DGRP-517,6,0,1,6
DGRP-357,0,0,1,6
DGRP-357,0.206944444,0,1,6
DGRP-357,0.979166667,0,1,6
DGRP-357,1.195833333,1,1,6
DGRP-357,2.021527778,11,1,6
DGRP-357,2.197916667,6,1,6
DGRP-357,2.995138889,67,1,6
DGRP-357,3.181944444,9,1,6
DGRP-357,4.024305556,11,1,6
DGRP-357,4.188194444,0,1,6
DGRP-357,4.998611111,1,1,6
DGRP-357,5.185416667,0,1,6
DGRP-357,6,0,1,6
DGRP-502,0,0,1,6
DGRP-502,0.206944444,1,1,6
DGRP-502,0.979166667,0,1,6
DGRP-502,1.195833333,0,1,6
DGRP-502,2.021527778,43,1,6
DGRP-502,2.197916667,22,1,6
DGRP-502,2.995138889,60,1,6
DGRP-502,3.181944444,7,1,6
DGRP-502,4.024305556,10,1,6
DGRP-502,4.188194444,14,1,6
DGRP-502,4.998611111,2,1,6
DGRP-502,5.185416667,0,1,6
DGRP-502,6,0,1,6
DGRP-195,0,0,1,6
DGRP-195,0.206944444,1,1,6
DGRP-195,0.979166667,4,1,6
DGRP-195,1.195833333,1,1,6
DGRP-195,2.021527778,30,1,6
DGRP-195,2.197916667,19,1,6
DGRP-195,2.995138889,62,1,6
DGRP-195,3.181944444,6,1,6
DGRP-195,4.024305556,15,1,6
DGRP-195,4.188194444,0,1,6
DGRP-195,4.998611111,0,1,6
DGRP-195,5.185416667,0,1,6
DGRP-195,6,0,1,6
DGRP-595,0,0,1,6
DGRP-595,0.206944444,1,1,6
DGRP-595,0.979166667,0,1,6
DGRP-595,1.195833333,2,1,6
DGRP-595,2.021527778,8,1,6
DGRP-595,2.197916667,15,1,6
DGRP-595,2.995138889,82,1,6
DGRP-595,3.181944444,18,1,6
DGRP-595,4.024305556,17,1,6
DGRP-595,4.188194444,0,1,6
DGRP-595,4.998611111,0,1,6
DGRP-595,5.185416667,0,1,6
DGRP-595,6,0,1,6
DGRP-705,0,0,1,6
DGRP-705,0.206944444,0,1,6
DGRP-705,0.979166667,0,1,6
DGRP-705,1.195833333,0,1,6
DGRP-705,2.021527778,1,1,6
DGRP-705,2.197916667,3,1,6
DGRP-705,2.995138889,15,1,6
DGRP-705,3.181944444,14,1,6
DGRP-705,4.024305556,76,1,6
DGRP-705,4.188194444,10,1,6
DGRP-705,4.998611111,25,1,6
DGRP-705,5.185416667,0,1,6
DGRP-705,6,2,1,6
DGRP-730,0,0,1,6
DGRP-730,0.206944444,0,1,6
DGRP-730,0.979166667,1,1,6
DGRP-730,1.195833333,2,1,6
DGRP-730,2.021527778,25,1,6
DGRP-730,2.197916667,7,1,6
DGRP-730,2.995138889,8,1,6
DGRP-730,3.181944444,0,1,6
DGRP-730,4.024305556,1,1,6
DGRP-730,4.188194444,0,1,6
DGRP-730,4.998611111,0,1,6
DGRP-730,5.185416667,0,1,6
DGRP-730,6,0,1,6
DGRP-382,0,0,0,6
DGRP-382,0.206944444,0,0,6
DGRP-382,0.979166667,0,0,6
DGRP-382,1.195833333,0,0,6
DGRP-382,2.021527778,0,0,6
DGRP-382,2.197916667,0,0,6
DGRP-382,2.995138889,0,0,6
DGRP-382,3.181944444,0,0,6
DGRP-382,4.024305556,0,0,6
DGRP-382,4.188194444,0,0,6
DGRP-382,4.998611111,0,0,6
DGRP-382,5.185416667,0,0,6
DGRP-382,6,0,0,6
DGRP-359,0,3,0,6
DGRP-359,0.206944444,0,0,6
DGRP-359,0.979166667,0,0,6
DGRP-359,1.195833333,0,0,6
DGRP-359,2.021527778,0,0,6
DGRP-359,2.197916667,0,0,6
DGRP-359,2.995138889,0,0,6
DGRP-359,3.181944444,0,0,6
DGRP-359,4.024305556,0,0,6
DGRP-359,4.188194444,0,0,6
DGRP-359,4.998611111,0,0,6
DGRP-359,5.185416667,0,0,6
DGRP-359,6,0,0,6
DGRP-517,0,0,0,6
DGRP-517,0.206944444,0,0,6
DGRP-517,0.979166667,0,0,6
DGRP-517,1.195833333,0,0,6
DGRP-517,2.021527778,0,0,6
DGRP-517,2.197916667,0,0,6
DGRP-517,2.995138889,0,0,6
DGRP-517,3.181944444,0,0,6
DGRP-517,4.024305556,0,0,6
DGRP-517,4.188194444,0,0,6
DGRP-517,4.998611111,0,0,6
DGRP-517,5.185416667,0,0,6
DGRP-517,6,0,0,6
DGRP-357,0,0,0,6
DGRP-357,0.206944444,0,0,6
DGRP-357,0.979166667,0,0,6
DGRP-357,1.195833333,0,0,6
DGRP-357,2.021527778,0,0,6
DGRP-357,2.197916667,0,0,6
DGRP-357,2.995138889,0,0,6
DGRP-357,3.181944444,0,0,6
DGRP-357,4.024305556,0,0,6
DGRP-357,4.188194444,0,0,6
DGRP-357,4.998611111,0,0,6
DGRP-357,5.185416667,0,0,6
DGRP-357,6,0,0,6
DGRP-502,0,1,0,6
DGRP-502,0.206944444,0,0,6
DGRP-502,0.979166667,0,0,6
DGRP-502,1.195833333,0,0,6
DGRP-502,2.021527778,0,0,6
DGRP-502,2.197916667,0,0,6
DGRP-502,2.995138889,0,0,6
DGRP-502,3.181944444,0,0,6
DGRP-502,4.024305556,0,0,6
DGRP-502,4.188194444,0,0,6
DGRP-502,4.998611111,0,0,6
DGRP-502,5.185416667,0,0,6
DGRP-502,6,0,0,6
DGRP-195,0,4,0,6
DGRP-195,0.206944444,0,0,6
DGRP-195,0.979166667,0,0,6
DGRP-195,1.195833333,0,0,6
DGRP-195,2.021527778,0,0,6
DGRP-195,2.197916667,0,0,6
DGRP-195,2.995138889,0,0,6
DGRP-195,3.181944444,0,0,6
DGRP-195,4.024305556,0,0,6
DGRP-195,4.188194444,0,0,6
DGRP-195,4.998611111,0,0,6
DGRP-195,5.185416667,0,0,6
DGRP-195,6,0,0,6
DGRP-595,0,0,0,6
DGRP-595,0.206944444,0,0,6
DGRP-595,0.979166667,0,0,6
DGRP-595,1.195833333,0,0,6
DGRP-595,2.021527778,0,0,6
DGRP-595,2.197916667,0,0,6
DGRP-595,2.995138889,0,0,6
DGRP-595,3.181944444,0,0,6
DGRP-595,4.024305556,0,0,6
DGRP-595,4.188194444,0,0,6
DGRP-595,4.998611111,0,0,6
DGRP-595,5.185416667,0,0,6
DGRP-595,6,0,0,6
DGRP-705,0,0,0,6
DGRP-705,0.206944444,0,0,6
DGRP-705,0.979166667,0,0,6
DGRP-705,1.195833333,0,0,6
DGRP-705,2.021527778,0,0,6
DGRP-705,2.197916667,0,0,6
DGRP-705,2.995138889,0,0,6
DGRP-705,3.181944444,0,0,6
DGRP-705,4.024305556,0,0,6
DGRP-705,4.188194444,0,0,6
DGRP-705,4.998611111,0,0,6
DGRP-705,5.185416667,0,0,6
DGRP-705,6,0,0,6
DGRP-730,0,20,0,6
DGRP-730,0.206944444,0,0,6
DGRP-730,0.979166667,0,0,6
DGRP-730,1.195833333,0,0,6
DGRP-730,2.021527778,0,0,6
DGRP-730,2.197916667,0,0,6
DGRP-730,2.995138889,0,0,6
DGRP-730,3.181944444,0,0,6
DGRP-730,4.024305556,0,0,6
DGRP-730,4.188194444,0,0,6
DGRP-730,4.998611111,0,0,6
DGRP-730,5.185416667,0,0,6
DGRP-730,6,0,0,6
DGRP-361,0,0,1,7
DGRP-361,0.185416667,1,1,7
DGRP-361,0.970138889,0,1,7
DGRP-361,1.186111111,0,1,7
DGRP-361,1.998611111,4,1,7
DGRP-361,2.171527778,2,1,7
DGRP-361,2.996527778,42,1,7
DGRP-361,3.195138889,10,1,7
DGRP-361,3.974305556,65,1,7
DGRP-361,4.174305556,11,1,7
DGRP-361,4.978472222,13,1,7
DGRP-361,5.193055556,0,1,7
DGRP-361,5.991666667,0,1,7
DGRP-361,6.177083333,0,1,7
DGRP-361,7.002083333,0,1,7
DGRP-392,0,0,1,7
DGRP-392,0.185416667,0,1,7
DGRP-392,0.970138889,1,1,7
DGRP-392,1.186111111,1,1,7
DGRP-392,1.998611111,60,1,7
DGRP-392,2.171527778,24,1,7
DGRP-392,2.996527778,55,1,7
DGRP-392,3.195138889,2,1,7
DGRP-392,3.974305556,3,1,7
DGRP-392,4.174305556,0,1,7
DGRP-392,4.978472222,0,1,7
DGRP-392,5.193055556,0,1,7
DGRP-392,5.991666667,0,1,7
DGRP-392,6.177083333,0,1,7
DGRP-392,7.002083333,0,1,7
DGRP-75,0,0,1,7
DGRP-75,0.185416667,1,1,7
DGRP-75,0.970138889,0,1,7
DGRP-75,1.186111111,0,1,7
DGRP-75,1.998611111,2,1,7
DGRP-75,2.171527778,1,1,7
DGRP-75,2.996527778,20,1,7
DGRP-75,3.195138889,21,1,7
DGRP-75,3.974305556,88,1,7
DGRP-75,4.174305556,11,1,7
DGRP-75,4.978472222,5,1,7
DGRP-75,5.193055556,0,1,7
DGRP-75,5.991666667,0,1,7
DGRP-75,6.177083333,0,1,7
DGRP-75,7.002083333,0,1,7
DGRP-859,0,0,1,7
DGRP-859,0.185416667,0,1,7
DGRP-859,0.970138889,0,1,7
DGRP-859,1.186111111,0,1,7
DGRP-859,1.998611111,0,1,7
DGRP-859,2.171527778,0,1,7
DGRP-859,2.996527778,0,1,7
DGRP-859,3.195138889,2,1,7
DGRP-859,3.974305556,20,1,7
DGRP-859,4.174305556,12,1,7
DGRP-859,4.978472222,61,1,7
DGRP-859,5.193055556,22,1,7
DGRP-859,5.991666667,26,1,7
DGRP-859,6.177083333,2,1,7
DGRP-859,7.002083333,5,1,7
DGRP-358,0,0,1,7
DGRP-358,0.185416667,0,1,7
DGRP-358,0.970138889,0,1,7
DGRP-358,1.186111111,1,1,7
DGRP-358,1.998611111,44,1,7
DGRP-358,2.171527778,20,1,7
DGRP-358,2.996527778,55,1,7
DGRP-358,3.195138889,3,1,7
DGRP-358,3.974305556,0,1,7
DGRP-358,4.174305556,0,1,7
DGRP-358,4.978472222,1,1,7
DGRP-358,5.193055556,0,1,7
DGRP-358,5.991666667,0,1,7
DGRP-358,6.177083333,0,1,7
DGRP-358,7.002083333,0,1,7
DGRP-509,0,0,1,7
DGRP-509,0.185416667,1,1,7
DGRP-509,0.970138889,0,1,7
DGRP-509,1.186111111,1,1,7
DGRP-509,1.998611111,1,1,7
DGRP-509,2.171527778,0,1,7
DGRP-509,2.996527778,0,1,7
DGRP-509,3.195138889,0,1,7
DGRP-509,3.974305556,1,1,7
DGRP-509,4.174305556,2,1,7
DGRP-509,4.978472222,16,1,7
DGRP-509,5.193055556,6,1,7
DGRP-509,5.991666667,33,1,7
DGRP-509,6.177083333,3,1,7
DGRP-509,7.002083333,21,1,7
DGRP-761,0,0,1,7
DGRP-761,0.185416667,0,1,7
DGRP-761,0.970138889,1,1,7
DGRP-761,1.186111111,8,1,7
DGRP-761,1.998611111,138,1,7
DGRP-761,2.171527778,0,1,7
DGRP-761,2.996527778,0,1,7
DGRP-761,3.195138889,0,1,7
DGRP-761,3.974305556,0,1,7
DGRP-761,4.174305556,0,1,7
DGRP-761,4.978472222,0,1,7
DGRP-761,5.193055556,0,1,7
DGRP-761,5.991666667,0,1,7
DGRP-761,6.177083333,0,1,7
DGRP-761,7.002083333,0,1,7
DGRP-907,0,0,1,7
DGRP-907,0.185416667,2,1,7
DGRP-907,0.970138889,1,1,7
DGRP-907,1.186111111,2,1,7
DGRP-907,1.998611111,45,1,7
DGRP-907,2.171527778,16,1,7
DGRP-907,2.996527778,75,1,7
DGRP-907,3.195138889,4,1,7
DGRP-907,3.974305556,4,1,7
DGRP-907,4.174305556,0,1,7
DGRP-907,4.978472222,0,1,7
DGRP-907,5.193055556,0,1,7
DGRP-907,5.991666667,0,1,7
DGRP-907,6.177083333,0,1,7
DGRP-907,7.002083333,0,1,7
DGRP-361,0,1,0,7
DGRP-361,0.185416667,0,0,7
DGRP-361,0.970138889,0,0,7
DGRP-361,1.186111111,0,0,7
DGRP-361,1.998611111,0,0,7
DGRP-361,2.171527778,0,0,7
DGRP-361,2.996527778,0,0,7
DGRP-361,3.195138889,0,0,7
DGRP-361,3.974305556,0,0,7
DGRP-361,4.174305556,0,0,7
DGRP-361,4.978472222,0,0,7
DGRP-361,5.193055556,0,0,7
DGRP-361,5.991666667,0,0,7
DGRP-361,6.177083333,0,0,7
DGRP-361,7.002083333,0,0,7
DGRP-392,0,0,0,7
DGRP-392,0.185416667,0,0,7
DGRP-392,0.970138889,0,0,7
DGRP-392,1.186111111,0,0,7
DGRP-392,1.998611111,0,0,7
DGRP-392,2.171527778,0,0,7
DGRP-392,2.996527778,0,0,7
DGRP-392,3.195138889,0,0,7
DGRP-392,3.974305556,0,0,7
DGRP-392,4.174305556,0,0,7
DGRP-392,4.978472222,0,0,7
DGRP-392,5.193055556,0,0,7
DGRP-392,5.991666667,0,0,7
DGRP-392,6.177083333,0,0,7
DGRP-392,7.002083333,0,0,7
DGRP-75,0,1,0,7
DGRP-75,0.185416667,0,0,7
DGRP-75,0.970138889,0,0,7
DGRP-75,1.186111111,0,0,7
DGRP-75,1.998611111,0,0,7
DGRP-75,2.171527778,0,0,7
DGRP-75,2.996527778,0,0,7
DGRP-75,3.195138889,0,0,7
DGRP-75,3.974305556,0,0,7
DGRP-75,4.174305556,0,0,7
DGRP-75,4.978472222,0,0,7
DGRP-75,5.193055556,0,0,7
DGRP-75,5.991666667,0,0,7
DGRP-75,6.177083333,0,0,7
DGRP-75,7.002083333,0,0,7
DGRP-859,0,3,0,7
DGRP-859,0.185416667,0,0,7
DGRP-859,0.970138889,0,0,7
DGRP-859,1.186111111,0,0,7
DGRP-859,1.998611111,0,0,7
DGRP-859,2.171527778,0,0,7
DGRP-859,2.996527778,0,0,7
DGRP-859,3.195138889,0,0,7
DGRP-859,3.974305556,0,0,7
DGRP-859,4.174305556,0,0,7
DGRP-859,4.978472222,0,0,7
DGRP-859,5.193055556,0,0,7
DGRP-859,5.991666667,0,0,7
DGRP-859,6.177083333,0,0,7
DGRP-859,7.002083333,0,0,7
DGRP-358,0,20,0,7
DGRP-358,0.185416667,0,0,7
DGRP-358,0.970138889,0,0,7
DGRP-358,1.186111111,0,0,7
DGRP-358,1.998611111,0,0,7
DGRP-358,2.171527778,0,0,7
DGRP-358,2.996527778,0,0,7
DGRP-358,3.195138889,0,0,7
DGRP-358,3.974305556,0,0,7
DGRP-358,4.174305556,0,0,7
DGRP-358,4.978472222,0,0,7
DGRP-358,5.193055556,0,0,7
DGRP-358,5.991666667,0,0,7
DGRP-358,6.177083333,0,0,7
DGRP-358,7.002083333,0,0,7
DGRP-509,0,0,0,7
DGRP-509,0.185416667,0,0,7
DGRP-509,0.970138889,0,0,7
DGRP-509,1.186111111,0,0,7
DGRP-509,1.998611111,0,0,7
DGRP-509,2.171527778,0,0,7
DGRP-509,2.996527778,0,0,7
DGRP-509,3.195138889,0,0,7
DGRP-509,3.974305556,0,0,7
DGRP-509,4.174305556,0,0,7
DGRP-509,4.978472222,0,0,7
DGRP-509,5.193055556,0,0,7
DGRP-509,5.991666667,0,0,7
DGRP-509,6.177083333,0,0,7
DGRP-509,7.002083333,2,0,7
DGRP-761,0,2,0,7
DGRP-761,0.185416667,0,0,7
DGRP-761,0.970138889,0,0,7
DGRP-761,1.186111111,0,0,7
DGRP-761,1.998611111,0,0,7
DGRP-761,2.171527778,0,0,7
DGRP-761,2.996527778,0,0,7
DGRP-761,3.195138889,0,0,7
DGRP-761,3.974305556,0,0,7
DGRP-761,4.174305556,0,0,7
DGRP-761,4.978472222,0,0,7
DGRP-761,5.193055556,0,0,7
DGRP-761,5.991666667,0,0,7
DGRP-761,6.177083333,0,0,7
DGRP-761,7.002083333,0,0,7
DGRP-907,0,1,0,7
DGRP-907,0.185416667,0,0,7
DGRP-907,0.970138889,0,0,7
DGRP-907,1.186111111,0,0,7
DGRP-907,1.998611111,0,0,7
DGRP-907,2.171527778,0,0,7
DGRP-907,2.996527778,0,0,7
DGRP-907,3.195138889,0,0,7
DGRP-907,3.974305556,0,0,7
DGRP-907,4.174305556,0,0,7
DGRP-907,4.978472222,0,0,7
DGRP-907,5.193055556,0,0,7
DGRP-907,5.991666667,0,0,7
DGRP-907,6.177083333,0,0,7
DGRP-907,7.002083333,0,0,7
DGRP-908,0,0,1,8
DGRP-908,0.184027778,1,1,8
DGRP-908,0.988194444,1,1,8
DGRP-908,1.184722222,2,1,8
DGRP-908,1.996527778,37,1,8
DGRP-908,2.186111111,30,1,8
DGRP-908,3.000694444,59,1,8
DGRP-908,3.189583333,11,1,8
DGRP-908,4.010416667,7,1,8
DGRP-908,4.182638889,0,1,8
DGRP-908,4.982638889,0,1,8
DGRP-321,0,0,1,8
DGRP-321,0.184027778,0,1,8
DGRP-321,0.988194444,0,1,8
DGRP-321,1.184722222,1,1,8
DGRP-321,1.996527778,19,1,8
DGRP-321,2.186111111,23,1,8
DGRP-321,3.000694444,89,1,8
DGRP-321,3.189583333,9,1,8
DGRP-321,4.010416667,8,1,8
DGRP-321,4.182638889,0,1,8
DGRP-321,4.982638889,0,1,8
DGRP-897,0,0,1,8
DGRP-897,0.184027778,0,1,8
DGRP-897,0.988194444,13,1,8
DGRP-897,1.184722222,8,1,8
DGRP-897,1.996527778,112,1,8
DGRP-897,2.186111111,8,1,8
DGRP-897,3.000694444,8,1,8
DGRP-897,3.189583333,0,1,8
DGRP-897,4.010416667,0,1,8
DGRP-897,4.182638889,0,1,8
DGRP-897,4.982638889,0,1,8
DGRP-373,0,0,1,8
DGRP-373,0.184027778,0,1,8
DGRP-373,0.988194444,0,1,8
DGRP-373,1.184722222,0,1,8
DGRP-373,1.996527778,4,1,8
DGRP-373,2.186111111,16,1,8
DGRP-373,3.000694444,64,1,8
DGRP-373,3.189583333,10,1,8
DGRP-373,4.010416667,11,1,8
DGRP-373,4.182638889,0,1,8
DGRP-373,4.982638889,0,1,8
DGRP-879,0,0,1,8
DGRP-879,0.184027778,0,1,8
DGRP-879,0.988194444,0,1,8
DGRP-879,1.184722222,0,1,8
DGRP-879,1.996527778,6,1,8
DGRP-879,2.186111111,4,1,8
DGRP-879,3.000694444,82,1,8
DGRP-879,3.189583333,7,1,8
DGRP-879,4.010416667,27,1,8
DGRP-879,4.182638889,0,1,8
DGRP-879,4.982638889,0,1,8
DGRP-703,0,0,1,8
DGRP-703,0.184027778,0,1,8
DGRP-703,0.988194444,0,1,8
DGRP-703,1.184722222,0,1,8
DGRP-703,1.996527778,4,1,8
DGRP-703,2.186111111,7,1,8
DGRP-703,3.000694444,82,1,8
DGRP-703,3.189583333,28,1,8
DGRP-703,4.010416667,22,1,8
DGRP-703,4.182638889,0,1,8
DGRP-703,4.982638889,1,1,8
DGRP-335,0,0,1,8
DGRP-335,0.184027778,0,1,8
DGRP-335,0.988194444,0,1,8
DGRP-335,1.184722222,0,1,8
DGRP-335,1.996527778,8,1,8
DGRP-335,2.186111111,6,1,8
DGRP-335,3.000694444,79,1,8
DGRP-335,3.189583333,12,1,8
DGRP-335,4.010416667,34,1,8
DGRP-335,4.182638889,6,1,8
DGRP-335,4.982638889,1,1,8
DGRP-911,0,0,1,8
DGRP-911,0.184027778,1,1,8
DGRP-911,0.988194444,0,1,8
DGRP-911,1.184722222,1,1,8
DGRP-911,1.996527778,76,1,8
DGRP-911,2.186111111,25,1,8
DGRP-911,3.000694444,43,1,8
DGRP-911,3.189583333,3,1,8
DGRP-911,4.010416667,1,1,8
DGRP-911,4.182638889,0,1,8
DGRP-911,4.982638889,0,1,8
DGRP-563,0,0,1,8
DGRP-563,0.184027778,0,1,8
DGRP-563,0.988194444,1,1,8
DGRP-563,1.184722222,2,1,8
DGRP-563,1.996527778,51,1,8
DGRP-563,2.186111111,24,1,8
DGRP-563,3.000694444,54,1,8
DGRP-563,3.189583333,7,1,8
DGRP-563,4.010416667,9,1,8
DGRP-563,4.182638889,0,1,8
DGRP-563,4.982638889,0,1,8
DGRP-908,0,0,0,8
DGRP-908,0.184027778,0,0,8
DGRP-908,0.988194444,0,0,8
DGRP-908,1.184722222,0,0,8
DGRP-908,1.996527778,0,0,8
DGRP-908,2.186111111,0,0,8
DGRP-908,3.000694444,0,0,8
DGRP-908,3.189583333,0,0,8
DGRP-908,4.010416667,0,0,8
DGRP-908,4.182638889,0,0,8
DGRP-908,4.982638889,0,0,8
DGRP-321,0,1,0,8
DGRP-321,0.184027778,0,0,8
DGRP-321,0.988194444,0,0,8
DGRP-321,1.184722222,0,0,8
DGRP-321,1.996527778,0,0,8
DGRP-321,2.186111111,0,0,8
DGRP-321,3.000694444,0,0,8
DGRP-321,3.189583333,0,0,8
DGRP-321,4.010416667,0,0,8
DGRP-321,4.182638889,0,0,8
DGRP-321,4.982638889,0,0,8
DGRP-897,0,1,0,8
DGRP-897,0.184027778,0,0,8
DGRP-897,0.988194444,0,0,8
DGRP-897,1.184722222,0,0,8
DGRP-897,1.996527778,0,0,8
DGRP-897,2.186111111,0,0,8
DGRP-897,3.000694444,0,0,8
DGRP-897,3.189583333,0,0,8
DGRP-897,4.010416667,0,0,8
DGRP-897,4.182638889,0,0,8
DGRP-897,4.982638889,0,0,8
DGRP-373,0,2,0,8
DGRP-373,0.184027778,0,0,8
DGRP-373,0.988194444,0,0,8
DGRP-373,1.184722222,0,0,8
DGRP-373,1.996527778,0,0,8
DGRP-373,2.186111111,0,0,8
DGRP-373,3.000694444,0,0,8
DGRP-373,3.189583333,0,0,8
DGRP-373,4.010416667,0,0,8
DGRP-373,4.182638889,0,0,8
DGRP-373,4.982638889,0,0,8
DGRP-879,0,6,0,8
DGRP-879,0.184027778,0,0,8
DGRP-879,0.988194444,0,0,8
DGRP-879,1.184722222,0,0,8
DGRP-879,1.996527778,0,0,8
DGRP-879,2.186111111,0,0,8
DGRP-879,3.000694444,0,0,8
DGRP-879,3.189583333,0,0,8
DGRP-879,4.010416667,0,0,8
DGRP-879,4.182638889,0,0,8
DGRP-879,4.982638889,0,0,8
DGRP-703,0,3,0,8
DGRP-703,0.184027778,0,0,8
DGRP-703,0.988194444,0,0,8
DGRP-703,1.184722222,0,0,8
DGRP-703,1.996527778,0,0,8
DGRP-703,2.186111111,0,0,8
DGRP-703,3.000694444,0,0,8
DGRP-703,3.189583333,0,0,8
DGRP-703,4.010416667,0,0,8
DGRP-703,4.182638889,0,0,8
DGRP-703,4.982638889,0,0,8
DGRP-335,0,4,0,8
DGRP-335,0.184027778,0,0,8
DGRP-335,0.988194444,0,0,8
DGRP-335,1.184722222,0,0,8
DGRP-335,1.996527778,0,0,8
DGRP-335,2.186111111,0,0,8
DGRP-335,3.000694444,0,0,8
DGRP-335,3.189583333,0,0,8
DGRP-335,4.010416667,0,0,8
DGRP-335,4.182638889,0,0,8
DGRP-335,4.982638889,0,0,8
DGRP-911,0,0,0,8
DGRP-911,0.184027778,0,0,8
DGRP-911,0.988194444,0,0,8
DGRP-911,1.184722222,0,0,8
DGRP-911,1.996527778,0,0,8
DGRP-911,2.186111111,0,0,8
DGRP-911,3.000694444,0,0,8
DGRP-911,3.189583333,0,0,8
DGRP-911,4.010416667,0,0,8
DGRP-911,4.182638889,0,0,8
DGRP-911,4.982638889,0,0,8
DGRP-563,0,0,0,8
DGRP-563,0.184027778,0,0,8
DGRP-563,0.988194444,0,0,8
DGRP-563,1.184722222,0,0,8
DGRP-563,1.996527778,0,0,8
DGRP-563,2.186111111,0,0,8
DGRP-563,3.000694444,0,0,8
DGRP-563,3.189583333,0,0,8
DGRP-563,4.010416667,0,0,8
DGRP-563,4.182638889,0,0,8
DGRP-563,4.982638889,0,0,8
DGRP-406,0,0,1,9
DGRP-406,0.165972222,0,1,9
DGRP-406,0.95625,0,1,9
DGRP-406,1.161805556,0,1,9
DGRP-406,1.952083333,10,1,9
DGRP-406,2.15625,8,1,9
DGRP-406,2.952777778,76,1,9
DGRP-406,3.186805556,28,1,9
DGRP-406,3.973611111,25,1,9
DGRP-406,4.175694444,2,1,9
DGRP-406,4.963888889,1,1,9
DGRP-808,0,0,1,9
DGRP-808,0.165972222,0,1,9
DGRP-808,0.95625,1,1,9
DGRP-808,1.161805556,0,1,9
DGRP-808,1.952083333,13,1,9
DGRP-808,2.15625,3,1,9
DGRP-808,2.952777778,43,1,9
DGRP-808,3.186805556,8,1,9
DGRP-808,3.973611111,1,1,9
DGRP-808,4.175694444,0,1,9
DGRP-808,4.963888889,0,1,9
DGRP-913,0,0,1,9
DGRP-913,0.165972222,0,1,9
DGRP-913,0.95625,0,1,9
DGRP-913,1.161805556,0,1,9
DGRP-913,1.952083333,31,1,9
DGRP-913,2.15625,26,1,9
DGRP-913,2.952777778,89,1,9
DGRP-913,3.186805556,2,1,9
DGRP-913,3.973611111,2,1,9
DGRP-913,4.175694444,0,1,9
DGRP-913,4.963888889,0,1,9
DGRP-306,0,0,1,9
DGRP-306,0.165972222,0,1,9
DGRP-306,0.95625,0,1,9
DGRP-306,1.161805556,0,1,9
DGRP-306,1.952083333,1,1,9
DGRP-306,2.15625,4,1,9
DGRP-306,2.952777778,101,1,9
DGRP-306,3.186805556,21,1,9
DGRP-306,3.973611111,17,1,9
DGRP-306,4.175694444,1,1,9
DGRP-306,4.963888889,1,1,9
DGRP-390,0,0,1,9
DGRP-390,0.165972222,0,1,9
DGRP-390,0.95625,1,1,9
DGRP-390,1.161805556,24,1,9
DGRP-390,1.952083333,62,1,9
DGRP-390,2.15625,0,1,9
DGRP-390,2.952777778,2,1,9
DGRP-390,3.186805556,0,1,9
DGRP-390,3.973611111,0,1,9
DGRP-390,4.175694444,0,1,9
DGRP-390,4.963888889,0,1,9
DGRP-821,0,0,1,9
DGRP-821,0.165972222,0,1,9
DGRP-821,0.95625,0,1,9
DGRP-821,1.161805556,0,1,9
DGRP-821,1.952083333,0,1,9
DGRP-821,2.15625,0,1,9
DGRP-821,2.952777778,1,1,9
DGRP-821,3.186805556,12,1,9
DGRP-821,3.973611111,60,1,9
DGRP-821,4.175694444,12,1,9
DGRP-821,4.963888889,11,1,9
DGRP-513,0,0,1,9
DGRP-513,0.165972222,0,1,9
DGRP-513,0.95625,0,1,9
DGRP-513,1.161805556,1,1,9
DGRP-513,1.952083333,43,1,9
DGRP-513,2.15625,32,1,9
DGRP-513,2.952777778,72,1,9
DGRP-513,3.186805556,1,1,9
DGRP-513,3.973611111,1,1,9
DGRP-513,4.175694444,0,1,9
DGRP-513,4.963888889,0,1,9
DGRP-738,0,0,1,9
DGRP-738,0.165972222,0,1,9
DGRP-738,0.95625,0,1,9
DGRP-738,1.161805556,0,1,9
DGRP-738,1.952083333,20,1,9
DGRP-738,2.15625,27,1,9
DGRP-738,2.952777778,83,1,9
DGRP-738,3.186805556,4,1,9
DGRP-738,3.973611111,1,1,9
DGRP-738,4.175694444,0,1,9
DGRP-738,4.963888889,0,1,9
DGRP-810,0,0,1,9
DGRP-810,0.165972222,1,1,9
DGRP-810,0.95625,0,1,9
DGRP-810,1.161805556,0,1,9
DGRP-810,1.952083333,7,1,9
DGRP-810,2.15625,7,1,9
DGRP-810,2.952777778,114,1,9
DGRP-810,3.186805556,10,1,9
DGRP-810,3.973611111,8,1,9
DGRP-810,4.175694444,0,1,9
DGRP-810,4.963888889,1,1,9
DGRP-32,0,0,1,9
DGRP-32,0.165972222,0,1,9
DGRP-32,0.95625,1,1,9
DGRP-32,1.161805556,2,1,9
DGRP-32,1.952083333,62,1,9
DGRP-32,2.15625,12,1,9
DGRP-32,2.952777778,48,1,9
DGRP-32,3.186805556,10,1,9
DGRP-32,3.973611111,12,1,9
DGRP-32,4.175694444,0,1,9
DGRP-32,4.963888889,0,1,9
DGRP-406,0,0,0,9
DGRP-406,0.165972222,0,0,9
DGRP-406,0.95625,0,0,9
DGRP-406,1.161805556,0,0,9
DGRP-406,1.952083333,0,0,9
DGRP-406,2.15625,0,0,9
DGRP-406,2.952777778,0,0,9
DGRP-406,3.186805556,0,0,9
DGRP-406,3.973611111,0,0,9
DGRP-406,4.175694444,0,0,9
DGRP-406,4.963888889,0,0,9
DGRP-808,0,6,0,9
DGRP-808,0.165972222,0,0,9
DGRP-808,0.95625,0,0,9
DGRP-808,1.161805556,0,0,9
DGRP-808,1.952083333,0,0,9
DGRP-808,2.15625,0,0,9
DGRP-808,2.952777778,0,0,9
DGRP-808,3.186805556,0,0,9
DGRP-808,3.973611111,0,0,9
DGRP-808,4.175694444,0,0,9
DGRP-808,4.963888889,0,0,9
DGRP-913,0,0,0,9
DGRP-913,0.165972222,0,0,9
DGRP-913,0.95625,0,0,9
DGRP-913,1.161805556,0,0,9
DGRP-913,1.952083333,0,0,9
DGRP-913,2.15625,0,0,9
DGRP-913,2.952777778,0,0,9
DGRP-913,3.186805556,0,0,9
DGRP-913,3.973611111,0,0,9
DGRP-913,4.175694444,0,0,9
DGRP-913,4.963888889,0,0,9
DGRP-306,0,2,0,9
DGRP-306,0.165972222,0,0,9
DGRP-306,0.95625,0,0,9
DGRP-306,1.161805556,0,0,9
DGRP-306,1.952083333,0,0,9
DGRP-306,2.15625,0,0,9
DGRP-306,2.952777778,0,0,9
DGRP-306,3.186805556,0,0,9
DGRP-306,3.973611111,0,0,9
DGRP-306,4.175694444,0,0,9
DGRP-306,4.963888889,0,0,9
DGRP-390,0,0,0,9
DGRP-390,0.165972222,0,0,9
DGRP-390,0.95625,0,0,9
DGRP-390,1.161805556,0,0,9
DGRP-390,1.952083333,0,0,9
DGRP-390,2.15625,0,0,9
DGRP-390,2.952777778,0,0,9
DGRP-390,3.186805556,0,0,9
DGRP-390,3.973611111,0,0,9
DGRP-390,4.175694444,0,0,9
DGRP-390,4.963888889,0,0,9
DGRP-821,0,1,0,9
DGRP-821,0.165972222,0,0,9
DGRP-821,0.95625,0,0,9
DGRP-821,1.161805556,0,0,9
DGRP-821,1.952083333,0,0,9
DGRP-821,2.15625,0,0,9
DGRP-821,2.952777778,0,0,9
DGRP-821,3.186805556,0,0,9
DGRP-821,3.973611111,0,0,9
DGRP-821,4.175694444,0,0,9
DGRP-821,4.963888889,0,0,9
DGRP-513,0,0,0,9
DGRP-513,0.165972222,0,0,9
DGRP-513,0.95625,0,0,9
DGRP-513,1.161805556,0,0,9
DGRP-513,1.952083333,0,0,9
DGRP-513,2.15625,0,0,9
DGRP-513,2.952777778,0,0,9
DGRP-513,3.186805556,0,0,9
DGRP-513,3.973611111,0,0,9
DGRP-513,4.175694444,0,0,9
DGRP-513,4.963888889,0,0,9
DGRP-738,0,0,0,9
DGRP-738,0.165972222,0,0,9
DGRP-738,0.95625,0,0,9
DGRP-738,1.161805556,0,0,9
DGRP-738,1.952083333,0,0,9
DGRP-738,2.15625,0,0,9
DGRP-738,2.952777778,0,0,9
DGRP-738,3.186805556,0,0,9
DGRP-738,3.973611111,0,0,9
DGRP-738,4.175694444,0,0,9
DGRP-738,4.963888889,0,0,9
DGRP-810,0,1,0,9
DGRP-810,0.165972222,0,0,9
DGRP-810,0.95625,0,0,9
DGRP-810,1.161805556,0,0,9
DGRP-810,1.952083333,0,0,9
DGRP-810,2.15625,0,0,9
DGRP-810,2.952777778,0,0,9
DGRP-810,3.186805556,0,0,9
DGRP-810,3.973611111,0,0,9
DGRP-810,4.175694444,0,0,9
DGRP-810,4.963888889,0,0,9
DGRP-32,0,3,0,9
DGRP-32,0.165972222,0,0,9
DGRP-32,0.95625,0,0,9
DGRP-32,1.161805556,0,0,9
DGRP-32,1.952083333,0,0,9
DGRP-32,2.15625,0,0,9
DGRP-32,2.952777778,0,0,9
DGRP-32,3.186805556,0,0,9
DGRP-32,3.973611111,0,0,9
DGRP-32,4.175694444,0,0,9
DGRP-32,4.963888889,0,0,9
DGRP-535,0,0,1,10
DGRP-535,0.1875,0,1,10
DGRP-535,0.977777778,0,1,10
DGRP-535,1.195138889,0,1,10
DGRP-535,1.975694444,9,1,10
DGRP-535,2.191666667,8,1,10
DGRP-535,3.005555556,64,1,10
DGRP-535,3.19375,17,1,10
DGRP-535,3.977777778,49,1,10
DGRP-535,4.195833333,1,1,10
DGRP-535,4.997222222,1,1,10
DGRP-535,5.205555556,0,1,10
DGRP-535,5.997222222,0,1,10
DGRP-535,6.181944444,0,1,10
DGRP-535,7.004166667,0,1,10
DGRP-802,0,0,1,10
DGRP-802,0.1875,0,1,10
DGRP-802,0.977777778,0,1,10
DGRP-802,1.195138889,0,1,10
DGRP-802,1.975694444,35,1,10
DGRP-802,2.191666667,11,1,10
DGRP-802,3.005555556,56,1,10
DGRP-802,3.19375,21,1,10
DGRP-802,3.977777778,25,1,10
DGRP-802,4.195833333,0,1,10
DGRP-802,4.997222222,0,1,10
DGRP-802,5.205555556,0,1,10
DGRP-802,5.997222222,0,1,10
DGRP-802,6.181944444,0,1,10
DGRP-802,7.004166667,0,1,10
DGRP-890,0,0,1,10
DGRP-890,0.1875,0,1,10
DGRP-890,0.977777778,0,1,10
DGRP-890,1.195138889,0,1,10
DGRP-890,1.975694444,0,1,10
DGRP-890,2.191666667,0,1,10
DGRP-890,3.005555556,0,1,10
DGRP-890,3.19375,0,1,10
DGRP-890,3.977777778,17,1,10
DGRP-890,4.195833333,7,1,10
DGRP-890,4.997222222,38,1,10
DGRP-890,5.205555556,16,1,10
DGRP-890,5.997222222,36,1,10
DGRP-890,6.181944444,7,1,10
DGRP-890,7.004166667,2,1,10
DGRP-31,0,0,1,10
DGRP-31,0.1875,0,1,10
DGRP-31,0.977777778,2,1,10
DGRP-31,1.195138889,0,1,10
DGRP-31,1.975694444,7,1,10
DGRP-31,2.191666667,6,1,10
DGRP-31,3.005555556,84,1,10
DGRP-31,3.19375,17,1,10
DGRP-31,3.977777778,33,1,10
DGRP-31,4.195833333,0,1,10
DGRP-31,4.997222222,1,1,10
DGRP-31,5.205555556,0,1,10
DGRP-31,5.997222222,0,1,10
DGRP-31,6.181944444,0,1,10
DGRP-31,7.004166667,0,1,10
DGRP-857,0,0,1,10
DGRP-857,0.1875,0,1,10
DGRP-857,0.977777778,0,1,10
DGRP-857,1.195138889,0,1,10
DGRP-857,1.975694444,52,1,10
DGRP-857,2.191666667,20,1,10
DGRP-857,3.005555556,32,1,10
DGRP-857,3.19375,0,1,10
DGRP-857,3.977777778,1,1,10
DGRP-857,4.195833333,0,1,10
DGRP-857,4.997222222,0,1,10
DGRP-857,5.205555556,0,1,10
DGRP-857,5.997222222,0,1,10
DGRP-857,6.181944444,0,1,10
DGRP-857,7.004166667,0,1,10
DGRP-310,0,0,1,10
DGRP-310,0.1875,1,1,10
DGRP-310,0.977777778,0,1,10
DGRP-310,1.195138889,1,1,10
DGRP-310,1.975694444,16,1,10
DGRP-310,2.191666667,12,1,10
DGRP-310,3.005555556,58,1,10
DGRP-310,3.19375,12,1,10
DGRP-310,3.977777778,17,1,10
DGRP-310,4.195833333,0,1,10
DGRP-310,4.997222222,0,1,10
DGRP-310,5.205555556,0,1,10
DGRP-310,5.997222222,0,1,10
DGRP-310,6.181944444,0,1,10
DGRP-310,7.004166667,0,1,10
DGRP-801,0,0,1,10
DGRP-801,0.1875,0,1,10
DGRP-801,0.977777778,1,1,10
DGRP-801,1.195138889,1,1,10
DGRP-801,1.975694444,36,1,10
DGRP-801,2.191666667,22,1,10
DGRP-801,3.005555556,86,1,10
DGRP-801,3.19375,0,1,10
DGRP-801,3.977777778,2,1,10
DGRP-801,4.195833333,0,1,10
DGRP-801,4.997222222,0,1,10
DGRP-801,5.205555556,0,1,10
DGRP-801,5.997222222,0,1,10
DGRP-801,6.181944444,0,1,10
DGRP-801,7.004166667,0,1,10
DGRP-100,0,0,1,10
DGRP-100,0.1875,0,1,10
DGRP-100,0.977777778,0,1,10
DGRP-100,1.195138889,0,1,10
DGRP-100,1.975694444,7,1,10
DGRP-100,2.191666667,9,1,10
DGRP-100,3.005555556,70,1,10
DGRP-100,3.19375,34,1,10
DGRP-100,3.977777778,27,1,10
DGRP-100,4.195833333,1,1,10
DGRP-100,4.997222222,3,1,10
DGRP-100,5.205555556,0,1,10
DGRP-100,5.997222222,0,1,10
DGRP-100,6.181944444,0,1,10
DGRP-100,7.004166667,0,1,10
DGRP-843,0,0,1,10
DGRP-843,0.1875,0,1,10
DGRP-843,0.977777778,0,1,10
DGRP-843,1.195138889,1,1,10
DGRP-843,1.975694444,7,1,10
DGRP-843,2.191666667,4,1,10
DGRP-843,3.005555556,23,1,10
DGRP-843,3.19375,8,1,10
DGRP-843,3.977777778,76,1,10
DGRP-843,4.195833333,13,1,10
DGRP-843,4.997222222,22,1,10
DGRP-843,5.205555556,0,1,10
DGRP-843,5.997222222,0,1,10
DGRP-843,6.181944444,0,1,10
DGRP-843,7.004166667,0,1,10
DGRP-535,0,1,0,10
DGRP-535,0.1875,0,0,10
DGRP-535,0.977777778,0,0,10
DGRP-535,1.195138889,0,0,10
DGRP-535,1.975694444,0,0,10
DGRP-535,2.191666667,0,0,10
DGRP-535,3.005555556,0,0,10
DGRP-535,3.19375,0,0,10
DGRP-535,3.977777778,0,0,10
DGRP-535,4.195833333,0,0,10
DGRP-535,4.997222222,0,0,10
DGRP-535,5.205555556,0,0,10
DGRP-535,5.997222222,0,0,10
DGRP-535,6.181944444,0,0,10
DGRP-535,7.004166667,0,0,10
DGRP-802,0,0,0,10
DGRP-802,0.1875,0,0,10
DGRP-802,0.977777778,0,0,10
DGRP-802,1.195138889,0,0,10
DGRP-802,1.975694444,0,0,10
DGRP-802,2.191666667,0,0,10
DGRP-802,3.005555556,0,0,10
DGRP-802,3.19375,0,0,10
DGRP-802,3.977777778,0,0,10
DGRP-802,4.195833333,0,0,10
DGRP-802,4.997222222,0,0,10
DGRP-802,5.205555556,0,0,10
DGRP-802,5.997222222,0,0,10
DGRP-802,6.181944444,0,0,10
DGRP-802,7.004166667,0,0,10
DGRP-890,0,0,0,10
DGRP-890,0.1875,0,0,10
DGRP-890,0.977777778,0,0,10
DGRP-890,1.195138889,0,0,10
DGRP-890,1.975694444,0,0,10
DGRP-890,2.191666667,0,0,10
DGRP-890,3.005555556,0,0,10
DGRP-890,3.19375,0,0,10
DGRP-890,3.977777778,0,0,10
DGRP-890,4.195833333,0,0,10
DGRP-890,4.997222222,0,0,10
DGRP-890,5.205555556,0,0,10
DGRP-890,5.997222222,0,0,10
DGRP-890,6.181944444,0,0,10
DGRP-890,7.004166667,1,0,10
DGRP-31,0,2,0,10
DGRP-31,0.1875,0,0,10
DGRP-31,0.977777778,0,0,10
DGRP-31,1.195138889,0,0,10
DGRP-31,1.975694444,0,0,10
DGRP-31,2.191666667,0,0,10
DGRP-31,3.005555556,0,0,10
DGRP-31,3.19375,0,0,10
DGRP-31,3.977777778,0,0,10
DGRP-31,4.195833333,0,0,10
DGRP-31,4.997222222,0,0,10
DGRP-31,5.205555556,0,0,10
DGRP-31,5.997222222,0,0,10
DGRP-31,6.181944444,0,0,10
DGRP-31,7.004166667,0,0,10
DGRP-857,0,1,0,10
DGRP-857,0.1875,0,0,10
DGRP-857,0.977777778,0,0,10
DGRP-857,1.195138889,0,0,10
DGRP-857,1.975694444,0,0,10
DGRP-857,2.191666667,0,0,10
DGRP-857,3.005555556,0,0,10
DGRP-857,3.19375,0,0,10
DGRP-857,3.977777778,0,0,10
DGRP-857,4.195833333,0,0,10
DGRP-857,4.997222222,0,0,10
DGRP-857,5.205555556,0,0,10
DGRP-857,5.997222222,0,0,10
DGRP-857,6.181944444,0,0,10
DGRP-857,7.004166667,0,0,10
DGRP-310,0,1,0,10
DGRP-310,0.1875,0,0,10
DGRP-310,0.977777778,0,0,10
DGRP-310,1.195138889,0,0,10
DGRP-310,1.975694444,0,0,10
DGRP-310,2.191666667,0,0,10
DGRP-310,3.005555556,0,0,10
DGRP-310,3.19375,0,0,10
DGRP-310,3.977777778,0,0,10
DGRP-310,4.195833333,0,0,10
DGRP-310,4.997222222,0,0,10
DGRP-310,5.205555556,0,0,10
DGRP-310,5.997222222,0,0,10
DGRP-310,6.181944444,0,0,10
DGRP-310,7.004166667,0,0,10
DGRP-801,0,2,0,10
DGRP-801,0.1875,0,0,10
DGRP-801,0.977777778,0,0,10
DGRP-801,1.195138889,0,0,10
DGRP-801,1.975694444,0,0,10
DGRP-801,2.191666667,0,0,10
DGRP-801,3.005555556,0,0,10
DGRP-801,3.19375,0,0,10
DGRP-801,3.977777778,0,0,10
DGRP-801,4.195833333,0,0,10
DGRP-801,4.997222222,0,0,10
DGRP-801,5.205555556,0,0,10
DGRP-801,5.997222222,0,0,10
DGRP-801,6.181944444,0,0,10
DGRP-801,7.004166667,0,0,10
DGRP-100,0,0,0,10
DGRP-100,0.1875,0,0,10
DGRP-100,0.977777778,0,0,10
DGRP-100,1.195138889,0,0,10
DGRP-100,1.975694444,0,0,10
DGRP-100,2.191666667,0,0,10
DGRP-100,3.005555556,0,0,10
DGRP-100,3.19375,0,0,10
DGRP-100,3.977777778,0,0,10
DGRP-100,4.195833333,0,0,10
DGRP-100,4.997222222,0,0,10
DGRP-100,5.205555556,0,0,10
DGRP-100,5.997222222,0,0,10
DGRP-100,6.181944444,0,0,10
DGRP-100,7.004166667,0,0,10
DGRP-843,0,2,0,10
DGRP-843,0.1875,0,0,10
DGRP-843,0.977777778,0,0,10
DGRP-843,1.195138889,0,0,10
DGRP-843,1.975694444,0,0,10
DGRP-843,2.191666667,0,0,10
DGRP-843,3.005555556,0,0,10
DGRP-843,3.19375,0,0,10
DGRP-843,3.977777778,0,0,10
DGRP-843,4.195833333,0,0,10
DGRP-843,4.997222222,0,0,10
DGRP-843,5.205555556,0,0,10
DGRP-843,5.997222222,0,0,10
DGRP-843,6.181944444,0,0,10
DGRP-843,7.004166667,0,0,10
DGRP-440,0,0,1,11
DGRP-440,0.2,0,1,11
DGRP-440,0.979166667,0,1,11
DGRP-440,1.192361111,0,1,11
DGRP-440,1.995138889,20,1,11
DGRP-440,2.188194444,11,1,11
DGRP-440,2.990277778,92,1,11
DGRP-440,3.189583333,12,1,11
DGRP-440,3.989583333,8,1,11
DGRP-440,4.198611111,0,1,11
DGRP-440,5.009722222,1,1,11
DGRP-440,5.199305556,0,1,11
DGRP-440,6.004861111,0,1,11
DGRP-440,6.193055556,0,1,11
DGRP-440,7,0,1,11
DGRP-235,0,0,1,11
DGRP-235,0.2,0,1,11
DGRP-235,0.979166667,0,1,11
DGRP-235,1.192361111,0,1,11
DGRP-235,1.995138889,1,1,11
DGRP-235,2.188194444,2,1,11
DGRP-235,2.990277778,33,1,11
DGRP-235,3.189583333,16,1,11
DGRP-235,3.989583333,53,1,11
DGRP-235,4.198611111,16,1,11
DGRP-235,5.009722222,13,1,11
DGRP-235,5.199305556,0,1,11
DGRP-235,6.004861111,1,1,11
DGRP-235,6.193055556,0,1,11
DGRP-235,7,0,1,11
DGRP-319,0,0,1,11
DGRP-319,0.2,0,1,11
DGRP-319,0.979166667,0,1,11
DGRP-319,1.192361111,0,1,11
DGRP-319,1.995138889,11,1,11
DGRP-319,2.188194444,8,1,11
DGRP-319,2.990277778,62,1,11
DGRP-319,3.189583333,12,1,11
DGRP-319,3.989583333,38,1,11
DGRP-319,4.198611111,6,1,11
DGRP-319,5.009722222,9,1,11
DGRP-319,5.199305556,3,1,11
DGRP-319,6.004861111,0,1,11
DGRP-319,6.193055556,0,1,11
DGRP-319,7,0,1,11
DGRP-850,0,0,1,11
DGRP-850,0.2,0,1,11
DGRP-850,0.979166667,0,1,11
DGRP-850,1.192361111,1,1,11
DGRP-850,1.995138889,39,1,11
DGRP-850,2.188194444,31,1,11
DGRP-850,2.990277778,73,1,11
DGRP-850,3.189583333,3,1,11
DGRP-850,3.989583333,3,1,11
DGRP-850,4.198611111,0,1,11
DGRP-850,5.009722222,0,1,11
DGRP-850,5.199305556,0,1,11
DGRP-850,6.004861111,0,1,11
DGRP-850,6.193055556,0,1,11
DGRP-850,7,0,1,11
DGRP-443,0,0,1,11
DGRP-443,0.2,0,1,11
DGRP-443,0.979166667,0,1,11
DGRP-443,1.192361111,0,1,11
DGRP-443,1.995138889,3,1,11
DGRP-443,2.188194444,0,1,11
DGRP-443,2.990277778,37,1,11
DGRP-443,3.189583333,14,1,11
DGRP-443,3.989583333,67,1,11
DGRP-443,4.198611111,10,1,11
DGRP-443,5.009722222,19,1,11
DGRP-443,5.199305556,0,1,11
DGRP-443,6.004861111,1,1,11
DGRP-443,6.193055556,1,1,11
DGRP-443,7,1,1,11
DGRP-405,0,0,1,11
DGRP-405,0.2,0,1,11
DGRP-405,0.979166667,1,1,11
DGRP-405,1.192361111,0,1,11
DGRP-405,1.995138889,19,1,11
DGRP-405,2.188194444,23,1,11
DGRP-405,2.990277778,92,1,11
DGRP-405,3.189583333,6,1,11
DGRP-405,3.989583333,7,1,11
DGRP-405,4.198611111,0,1,11
DGRP-405,5.009722222,0,1,11
DGRP-405,5.199305556,0,1,11
DGRP-405,6.004861111,0,1,11
DGRP-405,6.193055556,0,1,11
DGRP-405,7,0,1,11
DGRP-776,0,0,1,11
DGRP-776,0.2,0,1,11
DGRP-776,0.979166667,0,1,11
DGRP-776,1.192361111,0,1,11
DGRP-776,1.995138889,1,1,11
DGRP-776,2.188194444,2,1,11
DGRP-776,2.990277778,14,1,11
DGRP-776,3.189583333,20,1,11
DGRP-776,3.989583333,67,1,11
DGRP-776,4.198611111,0,1,11
DGRP-776,5.009722222,1,1,11
DGRP-776,5.199305556,0,1,11
DGRP-776,6.004861111,0,1,11
DGRP-776,6.193055556,0,1,11
DGRP-776,7,0,1,11
DGRP-105,0,0,1,11
DGRP-105,0.2,1,1,11
DGRP-105,0.979166667,0,1,11
DGRP-105,1.192361111,0,1,11
DGRP-105,1.995138889,29,1,11
DGRP-105,2.188194444,15,1,11
DGRP-105,2.990277778,87,1,11
DGRP-105,3.189583333,10,1,11
DGRP-105,3.989583333,6,1,11
DGRP-105,4.198611111,0,1,11
DGRP-105,5.009722222,0,1,11
DGRP-105,5.199305556,0,1,11
DGRP-105,6.004861111,0,1,11
DGRP-105,6.193055556,0,1,11
DGRP-105,7,0,1,11
DGRP-555,0,0,1,11
DGRP-555,0.2,0,1,11
DGRP-555,0.979166667,2,1,11
DGRP-555,1.192361111,0,1,11
DGRP-555,1.995138889,7,1,11
DGRP-555,2.188194444,4,1,11
DGRP-555,2.990277778,85,1,11
DGRP-555,3.189583333,32,1,11
DGRP-555,3.989583333,16,1,11
DGRP-555,4.198611111,1,1,11
DGRP-555,5.009722222,1,1,11
DGRP-555,5.199305556,0,1,11
DGRP-555,6.004861111,0,1,11
DGRP-555,6.193055556,0,1,11
DGRP-555,7,0,1,11
DGRP-440,0,0,0,11
DGRP-440,0.2,0,0,11
DGRP-440,0.979166667,0,0,11
DGRP-440,1.192361111,0,0,11
DGRP-440,1.995138889,0,0,11
DGRP-440,2.188194444,0,0,11
DGRP-440,2.990277778,0,0,11
DGRP-440,3.189583333,0,0,11
DGRP-440,3.989583333,0,0,11
DGRP-440,4.198611111,0,0,11
DGRP-440,5.009722222,0,0,11
DGRP-440,5.199305556,0,0,11
DGRP-440,6.004861111,0,0,11
DGRP-440,6.193055556,0,0,11
DGRP-440,7,0,0,11
DGRP-235,0,6,0,11
DGRP-235,0.2,0,0,11
DGRP-235,0.979166667,0,0,11
DGRP-235,1.192361111,0,0,11
DGRP-235,1.995138889,2,0,11
DGRP-235,2.188194444,0,0,11
DGRP-235,2.990277778,0,0,11
DGRP-235,3.189583333,0,0,11
DGRP-235,3.989583333,0,0,11
DGRP-235,4.198611111,0,0,11
DGRP-235,5.009722222,0,0,11
DGRP-235,5.199305556,0,0,11
DGRP-235,6.004861111,0,0,11
DGRP-235,6.193055556,0,0,11
DGRP-235,7,0,0,11
DGRP-319,0,0,0,11
DGRP-319,0.2,0,0,11
DGRP-319,0.979166667,0,0,11
DGRP-319,1.192361111,0,0,11
DGRP-319,1.995138889,0,0,11
DGRP-319,2.188194444,0,0,11
DGRP-319,2.990277778,0,0,11
DGRP-319,3.189583333,0,0,11
DGRP-319,3.989583333,0,0,11
DGRP-319,4.198611111,0,0,11
DGRP-319,5.009722222,0,0,11
DGRP-319,5.199305556,0,0,11
DGRP-319,6.004861111,0,0,11
DGRP-319,6.193055556,0,0,11
DGRP-319,7,0,0,11
DGRP-850,0,0,0,11
DGRP-850,0.2,0,0,11
DGRP-850,0.979166667,0,0,11
DGRP-850,1.192361111,0,0,11
DGRP-850,1.995138889,0,0,11
DGRP-850,2.188194444,0,0,11
DGRP-850,2.990277778,0,0,11
DGRP-850,3.189583333,0,0,11
DGRP-850,3.989583333,0,0,11
DGRP-850,4.198611111,0,0,11
DGRP-850,5.009722222,0,0,11
DGRP-850,5.199305556,0,0,11
DGRP-850,6.004861111,0,0,11
DGRP-850,6.193055556,0,0,11
DGRP-850,7,0,0,11
DGRP-443,0,0,0,11
DGRP-443,0.2,0,0,11
DGRP-443,0.979166667,0,0,11
DGRP-443,1.192361111,0,0,11
DGRP-443,1.995138889,0,0,11
DGRP-443,2.188194444,0,0,11
DGRP-443,2.990277778,0,0,11
DGRP-443,3.189583333,0,0,11
DGRP-443,3.989583333,0,0,11
DGRP-443,4.198611111,0,0,11
DGRP-443,5.009722222,0,0,11
DGRP-443,5.199305556,0,0,11
DGRP-443,6.004861111,0,0,11
DGRP-443,6.193055556,0,0,11
DGRP-443,7,0,0,11
DGRP-405,0,2,0,11
DGRP-405,0.2,0,0,11
DGRP-405,0.979166667,0,0,11
DGRP-405,1.192361111,0,0,11
DGRP-405,1.995138889,0,0,11
DGRP-405,2.188194444,0,0,11
DGRP-405,2.990277778,0,0,11
DGRP-405,3.189583333,0,0,11
DGRP-405,3.989583333,0,0,11
DGRP-405,4.198611111,0,0,11
DGRP-405,5.009722222,0,0,11
DGRP-405,5.199305556,0,0,11
DGRP-405,6.004861111,0,0,11
DGRP-405,6.193055556,0,0,11
DGRP-405,7,0,0,11
DGRP-776,0,0,0,11
DGRP-776,0.2,0,0,11
DGRP-776,0.979166667,0,0,11
DGRP-776,1.192361111,0,0,11
DGRP-776,1.995138889,0,0,11
DGRP-776,2.188194444,0,0,11
DGRP-776,2.990277778,0,0,11
DGRP-776,3.189583333,0,0,11
DGRP-776,3.989583333,0,0,11
DGRP-776,4.198611111,0,0,11
DGRP-776,5.009722222,0,0,11
DGRP-776,5.199305556,0,0,11
DGRP-776,6.004861111,0,0,11
DGRP-776,6.193055556,0,0,11
DGRP-776,7,0,0,11
DGRP-105,0,1,0,11
DGRP-105,0.2,0,0,11
DGRP-105,0.979166667,0,0,11
DGRP-105,1.192361111,0,0,11
DGRP-105,1.995138889,0,0,11
DGRP-105,2.188194444,0,0,11
DGRP-105,2.990277778,0,0,11
DGRP-105,3.189583333,0,0,11
DGRP-105,3.989583333,0,0,11
DGRP-105,4.198611111,0,0,11
DGRP-105,5.009722222,0,0,11
DGRP-105,5.199305556,0,0,11
DGRP-105,6.004861111,0,0,11
DGRP-105,6.193055556,0,0,11
DGRP-105,7,0,0,11
DGRP-555,0,0,0,11
DGRP-555,0.2,0,0,11
DGRP-555,0.979166667,0,0,11
DGRP-555,1.192361111,0,0,11
DGRP-555,1.995138889,0,0,11
DGRP-555,2.188194444,0,0,11
DGRP-555,2.990277778,0,0,11
DGRP-555,3.189583333,0,0,11
DGRP-555,3.989583333,0,0,11
DGRP-555,4.198611111,0,0,11
DGRP-555,5.009722222,0,0,11
DGRP-555,5.199305556,0,0,11
DGRP-555,6.004861111,0,0,11
DGRP-555,6.193055556,0,0,11
DGRP-555,7,0,0,11
DGRP-73,0,0,1,12
DGRP-73,0.208333333,3,1,12
DGRP-73,1.007638889,1,1,12
DGRP-73,1.211111111,0,1,12
DGRP-73,2.003472222,8,1,12
DGRP-73,2.226388889,0,1,12
DGRP-73,3.028472222,52,1,12
DGRP-73,3.225694444,21,1,12
DGRP-73,4.038888889,40,1,12
DGRP-73,4.225,2,1,12
DGRP-73,5.018055556,2,1,12
DGRP-374,0,0,1,12
DGRP-374,0.208333333,1,1,12
DGRP-374,1.007638889,1,1,12
DGRP-374,1.211111111,0,1,12
DGRP-374,2.003472222,1,1,12
DGRP-374,2.226388889,9,1,12
DGRP-374,3.028472222,50,1,12
DGRP-374,3.225694444,11,1,12
DGRP-374,4.038888889,24,1,12
DGRP-374,4.225,3,1,12
DGRP-374,5.018055556,3,1,12
DGRP-721,0,0,1,12
DGRP-721,0.208333333,0,1,12
DGRP-721,1.007638889,0,1,12
DGRP-721,1.211111111,0,1,12
DGRP-721,2.003472222,2,1,12
DGRP-721,2.226388889,4,1,12
DGRP-721,3.028472222,55,1,12
DGRP-721,3.225694444,25,1,12
DGRP-721,4.038888889,52,1,12
DGRP-721,4.225,1,1,12
DGRP-721,5.018055556,5,1,12
DGRP-348,0,0,1,12
DGRP-348,0.208333333,0,1,12
DGRP-348,1.007638889,8,1,12
DGRP-348,1.211111111,5,1,12
DGRP-348,2.003472222,62,1,12
DGRP-348,2.226388889,19,1,12
DGRP-348,3.028472222,19,1,12
DGRP-348,3.225694444,0,1,12
DGRP-348,4.038888889,0,1,12
DGRP-348,4.225,0,1,12
DGRP-348,5.018055556,0,1,12
DGRP-354,0,0,1,12
DGRP-354,0.208333333,1,1,12
DGRP-354,1.007638889,0,1,12
DGRP-354,1.211111111,0,1,12
DGRP-354,2.003472222,6,1,12
DGRP-354,2.226388889,4,1,12
DGRP-354,3.028472222,32,1,12
DGRP-354,3.225694444,29,1,12
DGRP-354,4.038888889,68,1,12
DGRP-354,4.225,6,1,12
DGRP-354,5.018055556,2,1,12
DGRP-712,0,0,1,12
DGRP-712,0.208333333,0,1,12
DGRP-712,1.007638889,0,1,12
DGRP-712,1.211111111,1,1,12
DGRP-712,2.003472222,23,1,12
DGRP-712,2.226388889,16,1,12
DGRP-712,3.028472222,70,1,12
DGRP-712,3.225694444,4,1,12
DGRP-712,4.038888889,6,1,12
DGRP-712,4.225,0,1,12
DGRP-712,5.018055556,0,1,12
DGRP-73,0,18,0,12
DGRP-73,0.208333333,0,0,12
DGRP-73,1.007638889,0,0,12
DGRP-73,1.211111111,0,0,12
DGRP-73,2.003472222,0,0,12
DGRP-73,2.226388889,0,0,12
DGRP-73,3.028472222,0,0,12
DGRP-73,3.225694444,0,0,12
DGRP-73,4.038888889,0,0,12
DGRP-73,4.225,0,0,12
DGRP-73,5.018055556,0,0,12
DGRP-374,0,1,0,12
DGRP-374,0.208333333,0,0,12
DGRP-374,1.007638889,0,0,12
DGRP-374,1.211111111,0,0,12
DGRP-374,2.003472222,0,0,12
DGRP-374,2.226388889,0,0,12
DGRP-374,3.028472222,0,0,12
DGRP-374,3.225694444,0,0,12
DGRP-374,4.038888889,0,0,12
DGRP-374,4.225,0,0,12
DGRP-374,5.018055556,0,0,12
DGRP-721,0,0,0,12
DGRP-721,0.208333333,0,0,12
DGRP-721,1.007638889,0,0,12
DGRP-721,1.211111111,0,0,12
DGRP-721,2.003472222,0,0,12
DGRP-721,2.226388889,0,0,12
DGRP-721,3.028472222,0,0,12
DGRP-721,3.225694444,0,0,12
DGRP-721,4.038888889,0,0,12
DGRP-721,4.225,0,0,12
DGRP-721,5.018055556,0,0,12
DGRP-348,0,27,0,12
DGRP-348,0.208333333,0,0,12
DGRP-348,1.007638889,0,0,12
DGRP-348,1.211111111,0,0,12
DGRP-348,2.003472222,0,0,12
DGRP-348,2.226388889,0,0,12
DGRP-348,3.028472222,0,0,12
DGRP-348,3.225694444,0,0,12
DGRP-348,4.038888889,0,0,12
DGRP-348,4.225,0,0,12
DGRP-348,5.018055556,0,0,12
DGRP-354,0,0,0,12
DGRP-354,0.208333333,0,0,12
DGRP-354,1.007638889,0,0,12
DGRP-354,1.211111111,0,0,12
DGRP-354,2.003472222,0,0,12
DGRP-354,2.226388889,0,0,12
DGRP-354,3.028472222,0,0,12
DGRP-354,3.225694444,0,0,12
DGRP-354,4.038888889,0,0,12
DGRP-354,4.225,0,0,12
DGRP-354,5.018055556,0,0,12
DGRP-712,0,0,0,12
DGRP-712,0.208333333,0,0,12
DGRP-712,1.007638889,0,0,12
DGRP-712,1.211111111,0,0,12
DGRP-712,2.003472222,0,0,12
DGRP-712,2.226388889,0,0,12
DGRP-712,3.028472222,0,0,12
DGRP-712,3.225694444,0,0,12
DGRP-712,4.038888889,0,0,12
DGRP-712,4.225,0,0,12
DGRP-712,5.018055556,0,0,12
DGRP-855,0,0,1,13
DGRP-855,0.213194444,0,1,13
DGRP-855,0.981944444,0,1,13
DGRP-855,1.198611111,0,1,13
DGRP-855,1.981944444,3,1,13
DGRP-855,2.207638889,3,1,13
DGRP-855,3.005555556,21,1,13
DGRP-855,3.191666667,11,1,13
DGRP-855,3.993055556,75,1,13
DGRP-855,4.202777778,10,1,13
DGRP-855,4.989583333,20,1,13
DGRP-855,5.189583333,1,1,13
DGRP-892,0,0,1,13
DGRP-892,0.213194444,0,1,13
DGRP-892,0.981944444,5,1,13
DGRP-892,1.198611111,1,1,13
DGRP-892,1.981944444,17,1,13
DGRP-892,2.207638889,13,1,13
DGRP-892,3.005555556,63,1,13
DGRP-892,3.191666667,12,1,13
DGRP-892,3.993055556,7,1,13
DGRP-892,4.202777778,0,1,13
DGRP-892,4.989583333,1,1,13
DGRP-892,5.189583333,0,1,13
DGRP-57,0,0,1,13
DGRP-57,0.213194444,0,1,13
DGRP-57,0.981944444,0,1,13
DGRP-57,1.198611111,1,1,13
DGRP-57,1.981944444,20,1,13
DGRP-57,2.207638889,7,1,13
DGRP-57,3.005555556,59,1,13
DGRP-57,3.191666667,2,1,13
DGRP-57,3.993055556,7,1,13
DGRP-57,4.202777778,0,1,13
DGRP-57,4.989583333,1,1,13
DGRP-57,5.189583333,0,1,13
DGRP-229,0,0,1,13
DGRP-229,0.213194444,2,1,13
DGRP-229,0.981944444,26,1,13
DGRP-229,1.198611111,26,1,13
DGRP-229,1.981944444,59,1,13
DGRP-229,2.207638889,2,1,13
DGRP-229,3.005555556,0,1,13
DGRP-229,3.191666667,0,1,13
DGRP-229,3.993055556,0,1,13
DGRP-229,4.202777778,0,1,13
DGRP-229,4.989583333,0,1,13
DGRP-229,5.189583333,0,1,13
DGRP-338,0,0,1,13
DGRP-338,0.213194444,0,1,13
DGRP-338,0.981944444,2,1,13
DGRP-338,1.198611111,1,1,13
DGRP-338,1.981944444,5,1,13
DGRP-338,2.207638889,9,1,13
DGRP-338,3.005555556,56,1,13
DGRP-338,3.191666667,8,1,13
DGRP-338,3.993055556,9,1,13
DGRP-338,4.202777778,0,1,13
DGRP-338,4.989583333,0,1,13
DGRP-338,5.189583333,0,1,13
DGRP-855,0,3,0,13
DGRP-855,0.213194444,0,0,13
DGRP-855,0.981944444,0,0,13
DGRP-855,1.198611111,0,0,13
DGRP-855,1.981944444,0,0,13
DGRP-855,2.207638889,0,0,13
DGRP-855,3.005555556,0,0,13
DGRP-855,3.191666667,0,0,13
DGRP-855,3.993055556,0,0,13
DGRP-855,4.202777778,0,0,13
DGRP-855,4.989583333,0,0,13
DGRP-855,5.189583333,0,0,13
DGRP-892,0,0,0,13
DGRP-892,0.213194444,0,0,13
DGRP-892,0.981944444,0,0,13
DGRP-892,1.198611111,0,0,13
DGRP-892,1.981944444,0,0,13
DGRP-892,2.207638889,0,0,13
DGRP-892,3.005555556,0,0,13
DGRP-892,3.191666667,0,0,13
DGRP-892,3.993055556,0,0,13
DGRP-892,4.202777778,0,0,13
DGRP-892,4.989583333,0,0,13
DGRP-892,5.189583333,0,0,13
DGRP-57,0,0,0,13
DGRP-57,0.213194444,0,0,13
DGRP-57,0.981944444,0,0,13
DGRP-57,1.198611111,0,0,13
DGRP-57,1.981944444,0,0,13
DGRP-57,2.207638889,0,0,13
DGRP-57,3.005555556,0,0,13
DGRP-57,3.191666667,0,0,13
DGRP-57,3.993055556,0,0,13
DGRP-57,4.202777778,0,0,13
DGRP-57,4.989583333,0,0,13
DGRP-57,5.189583333,0,0,13
DGRP-229,0,1,0,13
DGRP-229,0.213194444,0,0,13
DGRP-229,0.981944444,0,0,13
DGRP-229,1.198611111,0,0,13
DGRP-229,1.981944444,0,0,13
DGRP-229,2.207638889,0,0,13
DGRP-229,3.005555556,0,0,13
DGRP-229,3.191666667,0,0,13
DGRP-229,3.993055556,0,0,13
DGRP-229,4.202777778,0,0,13
DGRP-229,4.989583333,0,0,13
DGRP-229,5.189583333,0,0,13
DGRP-338,0,11,0,13
DGRP-338,0.213194444,0,0,13
DGRP-338,0.981944444,0,0,13
DGRP-338,1.198611111,0,0,13
DGRP-338,1.981944444,0,0,13
DGRP-338,2.207638889,0,0,13
DGRP-338,3.005555556,0,0,13
DGRP-338,3.191666667,0,0,13
DGRP-338,3.993055556,0,0,13
DGRP-338,4.202777778,0,0,13
DGRP-338,4.989583333,0,0,13
DGRP-338,5.189583333,0,0,13